settlement_id,transaction_ref,amount,settled_at,batch_id
SET-0001,TXN-0001,134.80,2024-01-07T09:42:36,BATCH-015
SET-0002,TXN-0002,3684.99,2024-01-08T18:34:24,BATCH-038
SET-0003,TXN-0003,168.60,2024-01-22T11:34:28,BATCH-015
SET-0004,TXN-0004,3014.07,2024-01-27T12:46:53,BATCH-015
SET-0005,TXN-0005,2950.44,2024-01-23T19:21:59,BATCH-045
SET-0006,TXN-0006,1707.85,2024-01-22T12:22:53,BATCH-049
SET-0007,TXN-0007,520.03,2024-01-18T08:09:39,BATCH-023
SET-0008,TXN-0008,3022.59,2024-01-19T16:44:14,BATCH-035
SET-0009,TXN-0009,4865.85,2024-01-08T01:25:58,BATCH-036
SET-0010,TXN-0010,4148.73,2024-01-16T05:34:38,BATCH-046
SET-0011,TXN-0011,238.66,2024-01-06T09:02:15,BATCH-006
SET-0012,TXN-0012,4333.75,2024-01-14T07:13:15,BATCH-030
SET-0013,TXN-0013,4172.21,2024-02-02T20:37:33,BATCH-023
SET-0014,TXN-0014,3354.17,2024-01-12T04:05:36,BATCH-035
SET-0015,TXN-0015,825.38,2024-01-14T21:13:31,BATCH-041
SET-0016,TXN-0016,1105.88,2024-01-29T00:53:36,BATCH-015
SET-0017,TXN-0017,4027.18,2024-01-04T13:23:58,BATCH-005
SET-0018,TXN-0018,4566.55,2024-01-12T05:48:46,BATCH-042
SET-0019,TXN-0019,1984.20,2024-01-26T05:38:47,BATCH-017
SET-0020,TXN-0020,1240.67,2024-01-09T18:40:52,BATCH-048
SET-0021,TXN-0021,2147.88,2024-01-31T09:05:31,BATCH-015
SET-0022,TXN-0022,2552.54,2024-01-08T17:10:05,BATCH-008
SET-0023,TXN-0023,3140.96,2024-01-09T10:04:22,BATCH-025
SET-0024,TXN-0024,2983.48,2024-01-21T12:37:07,BATCH-036
SET-0025,TXN-0025,3404.61,2024-01-03T13:22:34,BATCH-050
SET-0026,TXN-0026,566.65,2024-01-18T12:19:59,BATCH-030
SET-0027,TXN-0027,4769.54,2024-01-02T03:46:51,BATCH-033
SET-0028,TXN-0028,4353.89,2024-01-07T03:58:39,BATCH-010
SET-0029,TXN-0029,3814.93,2024-01-20T03:38:28,BATCH-039
SET-0030,TXN-0030,2448.14,2024-01-18T17:40:09,BATCH-020
SET-0031,TXN-0031,299.05,2024-01-13T14:58:55,BATCH-047
SET-0032,TXN-0032,4081.96,2024-01-25T14:13:11,BATCH-009
SET-0033,TXN-0033,4734.77,2024-01-26T01:44:38,BATCH-034
SET-0034,TXN-0034,2121.46,2024-01-31T10:43:59,BATCH-046
SET-0035,TXN-0035,2000.97,2024-01-18T03:10:32,BATCH-034
SET-0036,TXN-0036,613.81,2024-01-23T22:01:10,BATCH-022
SET-0037,TXN-0037,2945.66,2024-01-03T00:30:24,BATCH-001
SET-0038,TXN-0038,3542.13,2024-01-05T10:42:46,BATCH-005
SET-0039,TXN-0039,4299.58,2024-01-03T12:35:55,BATCH-018
SET-0040,TXN-0040,1079.04,2024-01-26T13:32:55,BATCH-016
SET-0041,TXN-0041,4039.41,2024-01-24T23:03:12,BATCH-007
SET-0042,TXN-0042,1777.94,2024-01-23T22:12:39,BATCH-047
SET-0043,TXN-0043,3370.09,2024-01-04T15:06:50,BATCH-026
SET-0044,TXN-0044,4004.96,2024-01-18T11:18:58,BATCH-013
SET-0045,TXN-0045,2686.07,2024-01-12T05:36:33,BATCH-012
SET-0046,TXN-0046,2318.51,2024-01-16T12:31:43,BATCH-036
SET-0047,TXN-0047,262.44,2024-01-06T18:04:18,BATCH-006
SET-0048,TXN-0048,839.89,2024-01-14T11:24:07,BATCH-014
SET-0049,TXN-0049,4513.19,2024-01-22T11:14:44,BATCH-001
SET-0050,TXN-0050,1333.36,2024-01-21T22:52:27,BATCH-028
SET-0051,TXN-0051,3312.74,2024-01-28T23:31:01,BATCH-013
SET-0052,TXN-0052,1096.33,2024-01-16T09:41:22,BATCH-048
SET-0053,TXN-0053,295.25,2024-01-17T05:22:33,BATCH-004
SET-0054,TXN-0054,409.76,2024-01-26T15:39:47,BATCH-039
SET-0055,TXN-0055,3379.31,2024-01-06T07:10:48,BATCH-008
SET-0056,TXN-0056,1238.61,2024-01-29T15:43:11,BATCH-027
SET-0057,TXN-0057,2830.48,2024-01-31T08:01:39,BATCH-014
SET-0058,TXN-0058,1201.04,2024-01-17T06:03:02,BATCH-043
SET-0059,TXN-0059,2291.55,2024-01-16T13:31:18,BATCH-030
SET-0060,TXN-0060,4992.29,2024-02-01T03:42:10,BATCH-035
SET-0061,TXN-0061,2534.36,2024-01-13T08:20:33,BATCH-005
SET-0062,TXN-0062,1853.94,2024-01-14T20:36:43,BATCH-035
SET-0063,TXN-0063,3062.27,2024-01-16T16:27:28,BATCH-043
SET-0064,TXN-0064,1503.90,2024-01-28T22:09:30,BATCH-017
SET-0065,TXN-0065,4449.67,2024-01-08T14:29:02,BATCH-019
SET-0066,TXN-0066,1061.04,2024-01-31T08:40:40,BATCH-044
SET-0067,TXN-0067,4266.03,2024-02-02T18:56:26,BATCH-017
SET-0068,TXN-0068,470.57,2024-01-05T11:11:06,BATCH-003
SET-0069,TXN-0069,1674.45,2024-01-03T04:07:51,BATCH-011
SET-0070,TXN-0070,2762.89,2024-01-23T10:46:32,BATCH-008
SET-0071,TXN-0071,4725.80,2024-01-05T15:39:55,BATCH-024
SET-0072,TXN-0072,2767.10,2024-01-30T06:40:22,BATCH-003
SET-0073,TXN-0073,1829.61,2024-01-17T23:08:49,BATCH-014
SET-0074,TXN-0074,3338.00,2024-01-15T02:43:23,BATCH-040
SET-0075,TXN-0075,4629.56,2024-01-09T12:04:03,BATCH-012
SET-0076,TXN-0076,133.68,2024-01-23T00:21:28,BATCH-043
SET-0077,TXN-0077,1341.36,2024-01-15T01:08:08,BATCH-003
SET-0078,TXN-0078,1119.94,2024-01-25T20:23:37,BATCH-020
SET-0079,TXN-0079,1122.39,2024-01-14T01:10:04,BATCH-022
SET-0080,TXN-0080,4323.12,2024-01-16T12:35:45,BATCH-042
SET-0081,TXN-0081,2004.40,2024-01-27T17:30:02,BATCH-002
SET-0082,TXN-0082,4386.42,2024-01-07T14:22:58,BATCH-038
SET-0083,TXN-0083,200.90,2024-01-15T21:17:26,BATCH-047
SET-0084,TXN-0084,2187.61,2024-01-17T05:27:38,BATCH-025
SET-0085,TXN-0085,958.49,2024-01-30T23:46:25,BATCH-001
SET-0086,TXN-0086,4628.62,2024-01-27T05:45:03,BATCH-024
SET-0087,TXN-0087,359.17,2024-01-23T22:29:52,BATCH-043
SET-0088,TXN-0088,3601.57,2024-01-09T01:11:56,BATCH-043
SET-0089,TXN-0089,1637.65,2024-01-21T19:48:44,BATCH-013
SET-0090,TXN-0090,3328.00,2024-01-22T09:51:19,BATCH-040
SET-0091,TXN-0091,1511.74,2024-01-29T15:03:20,BATCH-020
SET-0092,TXN-0092,1058.81,2024-01-16T22:16:43,BATCH-029
SET-0093,TXN-0093,3381.38,2024-01-24T11:09:12,BATCH-048
SET-0094,TXN-0094,3297.67,2024-01-11T05:42:17,BATCH-006
SET-0095,TXN-0095,3367.25,2024-01-13T09:38:30,BATCH-010
SET-0096,TXN-0096,240.61,2024-01-03T04:27:27,BATCH-030
SET-0097,TXN-0097,4431.82,2024-01-23T02:51:31,BATCH-032
SET-0098,TXN-0098,1227.48,2024-01-21T09:37:45,BATCH-050
SET-0099,TXN-0099,1102.02,2024-01-23T15:19:52,BATCH-004
SET-0100,TXN-0100,1253.50,2024-01-30T01:25:29,BATCH-009
SET-0101,TXN-0101,3341.21,2024-02-03T10:30:00,BATCH-040
SET-0102,TXN-0102,2139.44,2024-01-27T12:06:33,BATCH-011
SET-0103,TXN-0103,2255.85,2024-01-26T01:02:08,BATCH-050
SET-0104,TXN-0104,2428.14,2024-01-28T07:21:29,BATCH-029
SET-0105,TXN-0105,3570.59,2024-01-06T18:16:28,BATCH-022
SET-0106,TXN-0106,4466.20,2024-01-17T12:29:19,BATCH-010
SET-0107,TXN-0107,1921.35,2024-01-13T05:26:20,BATCH-005
SET-0108,TXN-0108,2043.92,2024-01-23T03:21:22,BATCH-027
SET-0109,TXN-0109,1042.10,2024-01-06T00:32:41,BATCH-050
SET-0110,TXN-0110,4730.85,2024-01-31T08:30:06,BATCH-031
SET-0111,TXN-0111,4714.28,2024-01-03T06:52:09,BATCH-027
SET-0112,TXN-0112,3740.10,2024-01-28T03:04:20,BATCH-032
SET-0113,TXN-0113,1371.95,2024-01-12T15:38:41,BATCH-025
SET-0114,TXN-0114,3347.68,2024-01-18T07:37:09,BATCH-030
SET-0115,TXN-0115,4903.80,2024-01-08T04:41:49,BATCH-026
SET-0116,TXN-0116,2826.32,2024-01-30T17:36:18,BATCH-042
SET-0117,TXN-0117,687.14,2024-01-22T19:22:12,BATCH-004
SET-0118,TXN-0118,1901.73,2024-01-15T15:06:14,BATCH-021
SET-0119,TXN-0119,3808.54,2024-01-19T09:12:59,BATCH-049
SET-0120,TXN-0120,1268.83,2024-01-23T11:09:31,BATCH-002
SET-0121,TXN-0121,269.91,2024-01-28T04:28:07,BATCH-042
SET-0122,TXN-0122,3908.35,2024-01-05T07:56:46,BATCH-016
SET-0123,TXN-0123,4197.75,2024-01-11T16:16:19,BATCH-009
SET-0124,TXN-0124,3350.60,2024-01-25T23:44:19,BATCH-045
SET-0125,TXN-0125,3836.82,2024-01-14T10:32:43,BATCH-050
SET-0126,TXN-0126,4823.96,2024-01-09T22:48:03,BATCH-020
SET-0127,TXN-0127,3389.96,2024-01-30T22:51:06,BATCH-046
SET-0128,TXN-0128,389.22,2024-01-11T15:04:15,BATCH-045
SET-0129,TXN-0129,4252.96,2024-01-16T15:22:09,BATCH-023
SET-0130,TXN-0130,2147.61,2024-01-27T20:41:35,BATCH-033
SET-0131,TXN-0131,73.13,2024-01-19T13:33:47,BATCH-007
SET-0132,TXN-0132,4804.33,2024-01-23T01:05:28,BATCH-028
SET-0133,TXN-0133,3671.64,2024-01-11T13:12:51,BATCH-030
SET-0134,TXN-0134,4130.42,2024-01-24T03:28:51,BATCH-016
SET-0135,TXN-0135,1401.85,2024-01-06T04:58:10,BATCH-049
SET-0136,TXN-0136,2853.55,2024-01-25T13:25:28,BATCH-002
SET-0137,TXN-0137,4256.25,2024-01-26T23:54:31,BATCH-014
SET-0138,TXN-0138,3991.18,2024-01-20T05:24:03,BATCH-039
SET-0139,TXN-0139,2783.40,2024-01-15T09:52:34,BATCH-006
SET-0140,TXN-0140,3603.17,2024-01-13T17:12:00,BATCH-045
SET-0141,TXN-0141,3233.06,2024-01-26T02:41:19,BATCH-002
SET-0142,TXN-0142,1478.24,2024-01-06T12:24:54,BATCH-020
SET-0143,TXN-0143,1851.41,2024-01-31T05:33:40,BATCH-028
SET-0144,TXN-0144,1660.65,2024-01-29T17:14:56,BATCH-020
SET-0145,TXN-0145,1160.38,2024-01-15T04:54:23,BATCH-008
SET-0146,TXN-0146,4754.88,2024-01-28T00:19:36,BATCH-014
SET-0147,TXN-0147,1389.73,2024-01-26T12:07:56,BATCH-007
SET-0148,TXN-0148,1488.27,2024-01-11T10:09:48,BATCH-020
SET-0149,TXN-0149,3543.01,2024-01-03T16:29:02,BATCH-003
SET-0150,TXN-0150,2771.26,2024-01-05T15:31:38,BATCH-007
SET-0151,TXN-0151,2874.58,2024-01-03T14:17:24,BATCH-029
SET-0152,TXN-0152,929.97,2024-01-19T12:57:04,BATCH-031
SET-0153,TXN-0153,4112.36,2024-01-08T12:55:16,BATCH-005
SET-0154,TXN-0154,3150.93,2024-01-30T00:16:42,BATCH-010
SET-0155,TXN-0155,4746.14,2024-01-29T07:45:20,BATCH-008
SET-0156,TXN-0156,3824.57,2024-01-30T02:12:07,BATCH-029
SET-0157,TXN-0157,1493.79,2024-01-24T11:48:26,BATCH-037
SET-0158,TXN-0158,310.55,2024-02-01T03:32:57,BATCH-041
SET-0159,TXN-0159,1330.58,2024-01-12T05:51:43,BATCH-016
SET-0160,TXN-0160,2764.44,2024-01-10T10:30:26,BATCH-027
SET-0161,TXN-0161,3449.96,2024-01-24T20:52:29,BATCH-003
SET-0162,TXN-0162,1447.64,2024-01-14T05:41:21,BATCH-005
SET-0163,TXN-0163,4620.32,2024-01-14T07:57:30,BATCH-008
SET-0164,TXN-0164,1131.80,2024-01-29T10:27:40,BATCH-010
SET-0165,TXN-0165,307.59,2024-01-06T11:11:54,BATCH-029
SET-0166,TXN-0166,2348.80,2024-01-09T00:52:57,BATCH-018
SET-0167,TXN-0167,2704.51,2024-01-26T07:05:32,BATCH-039
SET-0168,TXN-0168,4448.22,2024-01-04T22:26:28,BATCH-002
SET-0169,TXN-0169,1152.33,2024-01-07T10:24:12,BATCH-037
SET-0170,TXN-0170,3817.91,2024-01-04T22:52:23,BATCH-034
SET-0171,TXN-0171,4581.20,2024-01-24T11:14:04,BATCH-041
SET-0172,TXN-0172,4845.59,2024-01-26T20:54:07,BATCH-027
SET-0173,TXN-0173,1612.08,2024-01-18T04:19:56,BATCH-022
SET-0174,TXN-0174,3471.43,2024-01-22T23:36:04,BATCH-049
SET-0175,TXN-0175,193.12,2024-01-29T16:54:32,BATCH-017
SET-0176,TXN-0176,588.45,2024-01-17T16:38:28,BATCH-043
SET-0177,TXN-0177,2315.26,2024-01-28T08:10:02,BATCH-034
SET-0178,TXN-0178,3116.94,2024-01-20T13:30:12,BATCH-049
SET-0179,TXN-0179,1025.76,2024-01-04T12:07:55,BATCH-019
SET-0180,TXN-0180,4405.42,2024-01-23T06:26:32,BATCH-002
SET-0181,TXN-0181,3048.27,2024-02-01T14:01:44,BATCH-020
SET-0182,TXN-0182,78.24,2024-01-28T17:46:26,BATCH-015
SET-0183,TXN-0183,2312.62,2024-01-07T12:11:30,BATCH-032
SET-0184,TXN-0184,2549.27,2024-01-17T04:02:36,BATCH-031
SET-0185,TXN-0185,1226.22,2024-01-25T22:10:33,BATCH-013
SET-0186,TXN-0186,2546.12,2024-01-31T02:19:31,BATCH-018
SET-0187,TXN-0187,1705.98,2024-01-23T03:26:34,BATCH-001
SET-0188,TXN-0188,3632.99,2024-01-15T17:31:52,BATCH-029
SET-0189,TXN-0189,2426.86,2024-01-29T03:29:30,BATCH-030
SET-0190,TXN-0190,4349.31,2024-01-18T14:53:52,BATCH-015
SET-0191,TXN-0191,227.80,2024-01-22T22:35:15,BATCH-025
SET-0192,TXN-0192,2481.69,2024-01-09T09:12:55,BATCH-033
SET-0193,TXN-0193,1666.65,2024-01-31T15:36:36,BATCH-007
SET-0194,TXN-0194,4553.10,2024-01-27T12:46:38,BATCH-027
SET-0195,TXN-0195,383.39,2024-01-10T11:50:37,BATCH-040
SET-0196,TXN-0196,3252.68,2024-01-22T07:06:05,BATCH-021
SET-0197,TXN-0197,3596.40,2024-02-01T10:16:26,BATCH-040
SET-0198,TXN-0198,1181.50,2024-01-05T07:42:57,BATCH-048
SET-0199,TXN-0199,2175.52,2024-01-06T09:17:58,BATCH-029
SET-0200,TXN-0200,3473.07,2024-01-10T01:49:44,BATCH-021
SET-0201,TXN-0201,1473.92,2024-01-05T17:23:01,BATCH-010
SET-0202,TXN-0202,2660.53,2024-01-13T20:30:38,BATCH-012
SET-0203,TXN-0203,3051.37,2024-01-05T20:00:17,BATCH-032
SET-0204,TXN-0204,724.17,2024-01-31T07:25:38,BATCH-030
SET-0205,TXN-0205,3337.55,2024-01-15T09:28:37,BATCH-044
SET-0206,TXN-0206,798.31,2024-01-29T12:49:58,BATCH-038
SET-0207,TXN-0207,3198.31,2024-01-17T12:32:23,BATCH-030
SET-0208,TXN-0208,1004.10,2024-01-17T15:59:50,BATCH-007
SET-0209,TXN-0209,1913.02,2024-01-14T12:21:52,BATCH-045
SET-0210,TXN-0210,119.49,2024-01-17T07:58:07,BATCH-001
SET-0211,TXN-0211,4326.70,2024-01-30T11:21:18,BATCH-019
SET-0212,TXN-0212,3039.26,2024-01-13T04:06:26,BATCH-041
SET-0213,TXN-0213,3108.26,2024-01-11T05:31:11,BATCH-041
SET-0214,TXN-0214,1551.59,2024-01-03T21:55:50,BATCH-038
SET-0215,TXN-0215,3664.49,2024-01-20T17:05:38,BATCH-021
SET-0216,TXN-0216,886.45,2024-01-23T04:05:46,BATCH-034
SET-0217,TXN-0217,4568.31,2024-01-27T08:37:59,BATCH-031
SET-0218,TXN-0218,3735.34,2024-01-16T07:51:52,BATCH-030
SET-0219,TXN-0219,712.39,2024-01-06T15:43:48,BATCH-036
SET-0220,TXN-0220,460.62,2024-01-19T18:09:31,BATCH-017
SET-0221,TXN-0221,626.72,2024-01-29T01:09:07,BATCH-038
SET-0222,TXN-0222,4113.87,2024-01-20T11:55:36,BATCH-044
SET-0223,TXN-0223,2362.68,2024-01-13T08:25:20,BATCH-042
SET-0224,TXN-0224,3180.68,2024-01-06T01:39:11,BATCH-042
SET-0225,TXN-0225,592.22,2024-01-21T19:41:56,BATCH-020
SET-0226,TXN-0226,589.45,2024-01-25T21:56:57,BATCH-025
SET-0227,TXN-0227,1861.36,2024-01-25T00:31:59,BATCH-038
SET-0228,TXN-0228,4428.22,2024-01-10T12:01:56,BATCH-040
SET-0229,TXN-0229,4695.88,2024-01-21T19:29:22,BATCH-045
SET-0230,TXN-0230,1094.19,2024-01-19T23:41:55,BATCH-024
SET-0231,TXN-0231,4904.84,2024-01-07T19:45:23,BATCH-004
SET-0232,TXN-0232,1386.66,2024-01-22T07:51:58,BATCH-006
SET-0233,TXN-0233,3212.12,2024-01-12T07:07:16,BATCH-022
SET-0234,TXN-0234,4944.23,2024-01-13T19:46:41,BATCH-049
SET-0235,TXN-0235,1043.73,2024-01-28T21:41:55,BATCH-022
SET-0236,TXN-0236,3945.34,2024-01-10T03:54:47,BATCH-010
SET-0237,TXN-0237,2705.69,2024-01-08T07:27:06,BATCH-043
SET-0238,TXN-0238,667.71,2024-01-03T06:02:09,BATCH-038
SET-0239,TXN-0239,88.76,2024-01-17T17:13:15,BATCH-009
SET-0240,TXN-0240,2635.18,2024-01-23T10:27:16,BATCH-029
SET-0241,TXN-0241,2571.07,2024-01-20T13:48:21,BATCH-033
SET-0242,TXN-0242,4727.63,2024-01-13T18:07:27,BATCH-030
SET-0243,TXN-0243,313.53,2024-01-04T12:17:35,BATCH-028
SET-0244,TXN-0244,2456.45,2024-01-07T05:47:04,BATCH-006
SET-0245,TXN-0245,3045.41,2024-01-17T15:17:14,BATCH-018
SET-0246,TXN-0246,3169.06,2024-02-02T07:22:57,BATCH-025
SET-0247,TXN-0247,2657.49,2024-02-01T00:00:43,BATCH-007
SET-0248,TXN-0248,4265.45,2024-01-08T13:18:07,BATCH-029
SET-0249,TXN-0249,2074.94,2024-01-14T02:12:51,BATCH-027
SET-0250,TXN-0250,1569.63,2024-01-07T14:46:58,BATCH-024
SET-0251,TXN-0251,3437.25,2024-01-09T09:50:14,BATCH-006
SET-0252,TXN-0252,475.23,2024-01-07T03:27:24,BATCH-009
SET-0253,TXN-0253,309.32,2024-01-29T00:13:08,BATCH-027
SET-0254,TXN-0254,4369.31,2024-01-19T03:58:17,BATCH-019
SET-0255,TXN-0255,1569.13,2024-01-31T03:31:42,BATCH-010
SET-0256,TXN-0256,1128.99,2024-01-26T09:47:28,BATCH-036
SET-0257,TXN-0257,583.29,2024-01-19T20:14:22,BATCH-028
SET-0258,TXN-0258,4873.00,2024-01-30T05:34:20,BATCH-002
SET-0259,TXN-0259,1373.63,2024-01-11T18:11:59,BATCH-023
SET-0260,TXN-0260,915.22,2024-01-03T07:06:49,BATCH-005
SET-0261,TXN-0261,3707.45,2024-01-08T21:17:45,BATCH-048
SET-0262,TXN-0262,1083.52,2024-01-28T18:03:25,BATCH-022
SET-0263,TXN-0263,1856.57,2024-01-09T15:23:42,BATCH-004
SET-0264,TXN-0264,795.49,2024-01-09T13:15:49,BATCH-018
SET-0265,TXN-0265,3313.08,2024-01-24T12:15:50,BATCH-027
SET-0266,TXN-0266,1085.70,2024-01-15T06:15:44,BATCH-023
SET-0267,TXN-0267,563.35,2024-01-23T20:53:08,BATCH-003
SET-0268,TXN-0268,1982.37,2024-01-12T16:55:21,BATCH-014
SET-0269,TXN-0269,4727.18,2024-01-17T15:10:44,BATCH-019
SET-0270,TXN-0270,608.73,2024-01-18T22:17:24,BATCH-012
SET-0271,TXN-0271,1907.25,2024-01-09T06:30:44,BATCH-005
SET-0272,TXN-0272,4310.21,2024-01-22T06:37:17,BATCH-002
SET-0273,TXN-0273,4606.61,2024-01-25T07:39:09,BATCH-037
SET-0274,TXN-0274,3550.41,2024-01-22T15:11:12,BATCH-008
SET-0275,TXN-0275,114.08,2024-01-21T15:53:48,BATCH-040
SET-0276,TXN-0276,4161.82,2024-01-24T08:03:06,BATCH-028
SET-0277,TXN-0277,1224.16,2024-01-07T03:20:22,BATCH-026
SET-0278,TXN-0278,3731.58,2024-01-18T01:29:45,BATCH-050
SET-0279,TXN-0279,391.14,2024-01-10T03:53:19,BATCH-050
SET-0280,TXN-0280,1762.00,2024-01-18T23:03:06,BATCH-007
SET-0281,TXN-0281,1287.29,2024-01-09T02:37:11,BATCH-049
SET-0282,TXN-0282,893.97,2024-01-06T15:47:34,BATCH-049
SET-0283,TXN-0283,3801.80,2024-01-30T08:47:57,BATCH-041
SET-0284,TXN-0284,763.29,2024-01-18T08:19:42,BATCH-029
SET-0285,TXN-0285,1521.08,2024-02-01T15:37:01,BATCH-023
SET-0286,TXN-0286,380.22,2024-01-27T15:05:25,BATCH-003
SET-0287,TXN-0287,1850.01,2024-01-04T18:16:54,BATCH-042
SET-0288,TXN-0288,3078.90,2024-01-07T09:12:10,BATCH-030
SET-0289,TXN-0289,2776.05,2024-01-31T04:07:57,BATCH-037
SET-0290,TXN-0290,1614.43,2024-01-11T03:18:53,BATCH-004
SET-0291,TXN-0291,526.48,2024-01-23T20:53:50,BATCH-033
SET-0292,TXN-0292,205.33,2024-01-11T09:02:44,BATCH-034
SET-0293,TXN-0293,3052.94,2024-01-28T09:02:44,BATCH-019
SET-0294,TXN-0294,2049.77,2024-01-20T19:22:22,BATCH-041
SET-0295,TXN-0295,338.91,2024-01-19T05:53:41,BATCH-019
SET-0296,TXN-0296,3621.44,2024-01-15T05:35:46,BATCH-006
SET-0297,TXN-0297,3321.43,2024-01-31T06:56:26,BATCH-042
SET-0298,TXN-0298,653.48,2024-01-22T00:39:50,BATCH-036
SET-0299,TXN-0299,3221.04,2024-01-20T06:51:47,BATCH-043
SET-0300,TXN-0300,476.34,2024-01-28T13:17:33,BATCH-002
SET-0301,TXN-0301,1551.24,2024-01-20T14:27:24,BATCH-050
SET-0302,TXN-0302,968.11,2024-01-25T14:32:48,BATCH-005
SET-0303,TXN-0303,4223.70,2024-01-16T08:37:21,BATCH-043
SET-0304,TXN-0304,4383.20,2024-01-19T08:21:32,BATCH-010
SET-0305,TXN-0305,912.42,2024-01-10T21:01:54,BATCH-003
SET-0306,TXN-0306,1827.85,2024-01-22T22:41:05,BATCH-040
SET-0307,TXN-0307,3764.43,2024-01-15T19:57:54,BATCH-035
SET-0308,TXN-0308,1554.24,2024-01-13T14:39:05,BATCH-024
SET-0309,TXN-0309,4922.35,2024-01-30T16:35:12,BATCH-050
SET-0310,TXN-0310,2519.50,2024-01-20T12:54:49,BATCH-013
SET-0311,TXN-0311,700.61,2024-01-31T08:29:02,BATCH-042
SET-0312,TXN-0312,4371.84,2024-01-25T07:55:43,BATCH-019
SET-0313,TXN-0313,3817.95,2024-01-07T01:43:17,BATCH-033
SET-0314,TXN-0314,4156.92,2024-01-09T03:40:25,BATCH-029
SET-0315,TXN-0315,4653.05,2024-01-18T23:17:46,BATCH-026
SET-0316,TXN-0316,1876.07,2024-01-26T08:52:50,BATCH-024
SET-0317,TXN-0317,150.66,2024-01-13T21:36:23,BATCH-010
SET-0318,TXN-0318,201.13,2024-01-08T16:18:54,BATCH-049
SET-0319,TXN-0319,2248.52,2024-01-24T18:33:10,BATCH-002
SET-0320,TXN-0320,1086.12,2024-01-15T10:10:22,BATCH-008
SET-0321,TXN-0321,1195.82,2024-01-15T23:39:45,BATCH-016
SET-0322,TXN-0322,3198.37,2024-01-22T09:07:55,BATCH-008
SET-0323,TXN-0323,2987.73,2024-01-26T06:20:35,BATCH-046
SET-0324,TXN-0324,1463.45,2024-01-09T23:16:44,BATCH-016
SET-0325,TXN-0325,2088.67,2024-01-30T16:52:17,BATCH-005
SET-0326,TXN-0326,2724.97,2024-01-27T12:54:13,BATCH-025
SET-0327,TXN-0327,227.24,2024-01-25T19:44:49,BATCH-017
SET-0328,TXN-0328,1791.90,2024-01-03T18:55:24,BATCH-016
SET-0329,TXN-0329,527.28,2024-02-01T11:58:20,BATCH-003
SET-0330,TXN-0330,2734.61,2024-01-20T02:27:29,BATCH-045
SET-0331,TXN-0331,3162.36,2024-01-25T05:31:45,BATCH-046
SET-0332,TXN-0332,194.55,2024-01-24T05:14:07,BATCH-013
SET-0333,TXN-0333,1584.82,2024-01-05T00:49:26,BATCH-035
SET-0334,TXN-0334,1274.04,2024-01-25T23:33:02,BATCH-023
SET-0335,TXN-0335,4330.33,2024-01-05T07:41:44,BATCH-008
SET-0336,TXN-0336,2190.39,2024-01-20T20:46:24,BATCH-025
SET-0337,TXN-0337,4868.88,2024-01-19T11:00:22,BATCH-024
SET-0338,TXN-0338,1340.94,2024-01-28T05:00:00,BATCH-006
SET-0339,TXN-0339,3016.24,2024-01-23T21:41:37,BATCH-021
SET-0340,TXN-0340,409.54,2024-01-07T23:32:06,BATCH-029
SET-0341,TXN-0341,3591.14,2024-02-01T06:06:18,BATCH-023
SET-0342,TXN-0342,221.35,2024-01-24T16:56:37,BATCH-018
SET-0343,TXN-0343,384.46,2024-01-05T18:49:37,BATCH-033
SET-0344,TXN-0344,4764.42,2024-01-10T18:23:52,BATCH-003
SET-0345,TXN-0345,345.49,2024-01-09T03:04:07,BATCH-025
SET-0346,TXN-0346,171.60,2024-01-30T12:53:16,BATCH-024
SET-0347,TXN-0347,2225.26,2024-01-20T01:25:37,BATCH-034
SET-0348,TXN-0348,1996.19,2024-01-19T19:31:39,BATCH-008
SET-0349,TXN-0349,3681.02,2024-01-04T06:11:28,BATCH-036
SET-0350,TXN-0350,1316.27,2024-01-08T17:12:05,BATCH-014
SET-0351,TXN-0351,1435.03,2024-01-31T16:53:18,BATCH-008
SET-0352,TXN-0352,4265.60,2024-01-08T14:08:06,BATCH-046
SET-0353,TXN-0353,4986.34,2024-01-24T14:35:31,BATCH-046
SET-0354,TXN-0354,2754.49,2024-01-06T03:39:34,BATCH-011
SET-0355,TXN-0355,878.71,2024-02-01T22:58:27,BATCH-008
SET-0356,TXN-0356,3962.41,2024-01-12T18:09:32,BATCH-002
SET-0357,TXN-0357,2774.57,2024-01-20T12:28:29,BATCH-036
SET-0358,TXN-0358,3063.62,2024-01-08T07:11:39,BATCH-020
SET-0359,TXN-0359,4997.98,2024-01-22T07:53:23,BATCH-050
SET-0360,TXN-0360,4118.46,2024-01-21T21:01:28,BATCH-021
SET-0361,TXN-0361,2255.37,2024-01-06T14:24:30,BATCH-009
SET-0362,TXN-0362,3202.57,2024-01-28T18:18:54,BATCH-028
SET-0363,TXN-0363,4554.45,2024-01-26T09:52:43,BATCH-034
SET-0364,TXN-0364,1527.58,2024-01-10T10:16:33,BATCH-046
SET-0365,TXN-0365,1736.66,2024-01-13T22:41:30,BATCH-006
SET-0366,TXN-0366,989.55,2024-01-14T03:58:34,BATCH-041
SET-0367,TXN-0367,3076.00,2024-01-16T16:48:58,BATCH-038
SET-0368,TXN-0368,779.43,2024-01-30T04:30:07,BATCH-002
SET-0369,TXN-0369,236.85,2024-01-05T22:37:53,BATCH-050
SET-0370,TXN-0370,2088.77,2024-01-30T18:35:17,BATCH-041
SET-0371,TXN-0371,1455.46,2024-01-29T11:38:37,BATCH-016
SET-0372,TXN-0372,1494.20,2024-01-21T17:07:55,BATCH-011
SET-0373,TXN-0373,2083.95,2024-01-23T08:10:39,BATCH-022
SET-0374,TXN-0374,726.91,2024-02-01T10:48:37,BATCH-026
SET-0375,TXN-0375,3805.72,2024-01-08T08:21:12,BATCH-021
SET-0376,TXN-0376,2337.70,2024-01-14T17:38:42,BATCH-016
SET-0377,TXN-0377,493.09,2024-01-09T20:08:03,BATCH-040
SET-0378,TXN-0378,1248.87,2024-01-23T07:09:44,BATCH-037
SET-0379,TXN-0379,957.27,2024-01-18T04:20:21,BATCH-033
SET-0380,TXN-0380,2498.81,2024-01-25T15:52:44,BATCH-002
SET-0381,TXN-0381,4726.71,2024-01-07T08:54:53,BATCH-016
SET-0382,TXN-0382,2920.89,2024-01-12T10:39:41,BATCH-019
SET-0383,TXN-0383,2991.62,2024-01-27T00:35:36,BATCH-035
SET-0384,TXN-0384,4237.39,2024-01-02T09:31:38,BATCH-017
SET-0385,TXN-0385,3821.65,2024-01-19T18:09:42,BATCH-026
SET-0386,TXN-0386,2855.71,2024-01-05T11:36:10,BATCH-036
SET-0387,TXN-0387,376.92,2024-01-17T00:14:43,BATCH-049
SET-0388,TXN-0388,1405.81,2024-01-28T16:37:47,BATCH-007
SET-0389,TXN-0389,1872.26,2024-01-22T02:55:51,BATCH-049
SET-0390,TXN-0390,1003.30,2024-01-10T00:05:01,BATCH-033
SET-0391,TXN-0391,236.06,2024-01-04T22:54:01,BATCH-031
SET-0392,TXN-0392,2290.37,2024-01-27T05:03:59,BATCH-021
SET-0393,TXN-0393,1599.46,2024-02-01T18:16:34,BATCH-038
SET-0394,TXN-0394,2541.50,2024-01-19T07:54:12,BATCH-046
SET-0395,TXN-0395,1505.95,2024-01-30T07:51:15,BATCH-022
SET-0396,TXN-0396,4899.69,2024-01-07T07:41:54,BATCH-039
SET-0397,TXN-0397,1335.00,2024-01-25T00:56:15,BATCH-038
SET-0398,TXN-0398,860.86,2024-01-25T07:45:48,BATCH-044
SET-0399,TXN-0399,167.54,2024-01-13T18:10:46,BATCH-002
SET-0400,TXN-0400,1575.33,2024-01-24T09:50:49,BATCH-045
SET-0401,TXN-0401,2057.78,2024-01-11T21:33:03,BATCH-046
SET-0402,TXN-0402,2598.23,2024-01-09T16:52:39,BATCH-034
SET-0403,TXN-0403,1575.63,2024-01-21T07:01:57,BATCH-035
SET-0404,TXN-0404,2735.90,2024-01-19T14:50:23,BATCH-013
SET-0405,TXN-0405,1402.24,2024-01-13T23:12:56,BATCH-020
SET-0406,TXN-0406,3527.46,2024-01-17T00:42:51,BATCH-031
SET-0407,TXN-0407,2806.83,2024-01-19T22:23:06,BATCH-008
SET-0408,TXN-0408,3386.35,2024-01-30T20:08:56,BATCH-023
SET-0409,TXN-0409,1459.36,2024-01-09T02:39:25,BATCH-023
SET-0410,TXN-0410,3283.30,2024-01-23T11:24:19,BATCH-013
SET-0411,TXN-0411,1362.95,2024-01-28T03:29:19,BATCH-007
SET-0412,TXN-0412,3707.05,2024-01-31T21:18:56,BATCH-004
SET-0413,TXN-0413,1136.10,2024-01-27T18:42:29,BATCH-007
SET-0414,TXN-0414,1658.17,2024-01-22T01:31:51,BATCH-044
SET-0415,TXN-0415,35.86,2024-01-09T16:09:38,BATCH-042
SET-0416,TXN-0416,2392.47,2024-01-26T02:13:48,BATCH-021
SET-0417,TXN-0417,3233.03,2024-01-15T20:31:58,BATCH-035
SET-0418,TXN-0418,4567.02,2024-01-04T19:27:20,BATCH-012
SET-0419,TXN-0419,4985.89,2024-01-04T18:20:20,BATCH-012
SET-0420,TXN-0420,4384.95,2024-01-17T01:15:12,BATCH-037
SET-0421,TXN-0421,545.43,2024-02-01T06:17:35,BATCH-030
SET-0422,TXN-0422,2626.35,2024-01-29T08:59:27,BATCH-018
SET-0423,TXN-0423,4045.98,2024-01-11T08:38:29,BATCH-047
SET-0424,TXN-0424,3244.94,2024-01-24T06:40:26,BATCH-048
SET-0425,TXN-0425,3955.93,2024-01-18T08:45:50,BATCH-040
SET-0426,TXN-0426,4136.68,2024-01-22T16:25:49,BATCH-006
SET-0427,TXN-0427,3349.59,2024-01-21T11:00:16,BATCH-031
SET-0428,TXN-0428,4679.77,2024-01-18T17:01:23,BATCH-025
SET-0429,TXN-0429,2239.21,2024-01-14T10:24:07,BATCH-020
SET-0430,TXN-0430,3617.18,2024-01-31T06:36:57,BATCH-042
SET-0431,TXN-0431,3466.92,2024-01-19T10:54:30,BATCH-030
SET-0432,TXN-0432,806.99,2024-01-17T21:27:19,BATCH-045
SET-0433,TXN-0433,3197.17,2024-01-08T16:47:57,BATCH-040
SET-0434,TXN-0434,1103.45,2024-01-13T17:18:28,BATCH-010
SET-0435,TXN-0435,3741.20,2024-01-25T02:05:18,BATCH-045
SET-0436,TXN-0436,4564.86,2024-01-28T15:54:16,BATCH-049
SET-0437,TXN-0437,3404.91,2024-01-15T00:19:05,BATCH-034
SET-0438,TXN-0438,399.73,2024-01-19T13:30:35,BATCH-036
SET-0439,TXN-0439,1018.76,2024-01-26T12:56:06,BATCH-011
SET-0440,TXN-0440,4273.89,2024-01-17T22:17:05,BATCH-044
SET-0441,TXN-0441,3587.42,2024-01-11T23:18:36,BATCH-033
SET-0442,TXN-0442,4045.37,2024-01-23T15:01:29,BATCH-033
SET-0443,TXN-0443,2289.42,2024-01-23T04:00:16,BATCH-044
SET-0444,TXN-0444,3619.17,2024-01-17T23:02:36,BATCH-001
SET-0445,TXN-0445,2895.77,2024-01-13T13:52:24,BATCH-023
SET-0446,TXN-0446,2710.41,2024-01-05T02:17:08,BATCH-031
SET-0447,TXN-0447,1442.58,2024-01-03T12:58:25,BATCH-050
SET-0448,TXN-0448,1878.56,2024-01-23T09:45:25,BATCH-025
SET-0449,TXN-0449,410.45,2024-01-20T05:39:31,BATCH-042
SET-0450,TXN-0450,601.98,2024-01-19T21:10:52,BATCH-034
SET-0451,TXN-0451,3642.01,2024-01-08T04:22:12,BATCH-049
SET-0452,TXN-0452,4892.67,2024-01-04T02:29:18,BATCH-035
SET-0453,TXN-0453,4118.57,2024-01-21T09:53:20,BATCH-023
SET-0454,TXN-0454,1385.49,2024-01-09T12:43:46,BATCH-043
SET-0455,TXN-0455,3078.47,2024-01-22T08:27:02,BATCH-014
SET-0456,TXN-0456,513.47,2024-01-06T06:23:58,BATCH-039
SET-0457,TXN-0457,1231.22,2024-01-05T08:42:43,BATCH-029
SET-0458,TXN-0458,2703.40,2024-01-13T09:01:30,BATCH-033
SET-0459,TXN-0459,1178.47,2024-01-17T01:00:58,BATCH-016
SET-0460,TXN-0460,4382.53,2024-01-16T15:34:51,BATCH-027
SET-0461,TXN-0461,1383.02,2024-01-17T14:06:32,BATCH-036
SET-0462,TXN-0462,243.95,2024-01-27T01:26:24,BATCH-034
SET-0463,TXN-0463,3484.58,2024-01-17T11:21:09,BATCH-020
SET-0464,TXN-0464,927.56,2024-01-21T06:36:28,BATCH-016
SET-0465,TXN-0465,1510.67,2024-01-13T22:32:43,BATCH-004
SET-0466,TXN-0466,2069.26,2024-01-29T07:13:37,BATCH-025
SET-0467,TXN-0467,1282.43,2024-01-13T18:57:02,BATCH-029
SET-0468,TXN-0468,471.40,2024-01-20T00:20:11,BATCH-018
SET-0469,TXN-0469,3371.62,2024-01-20T07:25:57,BATCH-013
SET-0470,TXN-0470,3624.28,2024-01-31T12:35:04,BATCH-014
SET-0471,TXN-0471,1522.91,2024-01-18T03:55:53,BATCH-013
SET-0472,TXN-0472,3736.93,2024-01-07T16:40:59,BATCH-045
SET-0473,TXN-0473,3521.81,2024-01-31T08:10:43,BATCH-036
SET-0474,TXN-0474,3879.81,2024-01-18T14:42:31,BATCH-035
SET-0475,TXN-0475,1549.03,2024-01-20T10:34:03,BATCH-030
SET-0476,TXN-0476,4016.05,2024-01-07T18:53:12,BATCH-014
SET-0477,TXN-0477,1571.48,2024-01-19T23:54:09,BATCH-048
SET-0478,TXN-0478,90.94,2024-01-10T02:00:44,BATCH-010
SET-0479,TXN-0479,1656.03,2024-01-11T12:34:47,BATCH-032
SET-0480,TXN-0480,3276.49,2024-01-29T17:32:42,BATCH-049
SET-0481,TXN-0481,4832.88,2024-01-26T17:17:05,BATCH-011
SET-0482,TXN-0482,854.64,2024-01-20T02:18:53,BATCH-012
SET-0483,TXN-0483,4951.71,2024-01-28T07:38:06,BATCH-005
SET-0484,TXN-0484,3824.05,2024-01-04T08:31:24,BATCH-041
SET-0485,TXN-0485,349.16,2024-01-13T05:38:22,BATCH-014
SET-0486,TXN-0486,2285.49,2024-01-27T13:13:17,BATCH-043
SET-0487,TXN-0487,88.50,2024-01-26T16:23:29,BATCH-001
SET-0488,TXN-0488,2651.79,2024-01-03T19:29:14,BATCH-002
SET-0489,TXN-0489,4067.65,2024-01-26T09:07:26,BATCH-007
SET-0490,TXN-0490,2626.68,2024-01-06T16:12:49,BATCH-040
SET-0491,TXN-0491,1269.57,2024-01-28T13:21:56,BATCH-026
SET-0492,TXN-0492,1871.53,2024-01-06T20:03:50,BATCH-037
SET-0493,TXN-0493,4951.26,2024-01-14T19:21:27,BATCH-044
SET-0494,TXN-0494,3272.14,2024-01-05T21:55:31,BATCH-026
SET-0495,TXN-0495,1892.08,2024-01-20T09:52:28,BATCH-041
SET-0496,TXN-0496,3517.20,2024-01-03T11:00:36,BATCH-028
SET-0497,TXN-0497,2833.62,2024-01-18T01:57:29,BATCH-015
SET-0498,TXN-0498,4507.35,2024-01-13T06:19:07,BATCH-003
SET-0499,TXN-0499,3425.30,2024-01-05T14:37:18,BATCH-012
SET-0500,TXN-0500,88.13,2024-01-17T06:24:04,BATCH-049
SET-0501,TXN-0501,4645.09,2024-01-21T08:02:54,BATCH-037
SET-0502,TXN-0502,2837.81,2024-01-14T16:10:13,BATCH-025
SET-0503,TXN-0503,3954.59,2024-01-09T19:03:15,BATCH-004
SET-0504,TXN-0504,2191.07,2024-01-07T17:48:43,BATCH-039
SET-0505,TXN-0505,4774.74,2024-02-01T19:12:17,BATCH-002
SET-0506,TXN-0506,1373.90,2024-02-02T18:48:24,BATCH-015
SET-0507,TXN-0507,2769.66,2024-01-20T06:33:00,BATCH-012
SET-0508,TXN-0508,3306.75,2024-01-31T10:35:38,BATCH-016
SET-0509,TXN-0509,419.37,2024-01-06T13:38:29,BATCH-046
SET-0510,TXN-0510,779.84,2024-02-02T18:32:53,BATCH-024
SET-0511,TXN-0511,466.69,2024-01-08T04:08:26,BATCH-024
SET-0512,TXN-0512,520.13,2024-01-15T02:18:02,BATCH-028
SET-0513,TXN-0513,2789.36,2024-01-24T18:56:26,BATCH-007
SET-0514,TXN-0514,457.20,2024-01-04T06:35:50,BATCH-025
SET-0515,TXN-0515,1466.32,2024-01-02T14:22:40,BATCH-047
SET-0516,TXN-0516,4526.99,2024-01-29T03:54:26,BATCH-044
SET-0517,TXN-0517,855.81,2024-01-21T11:35:05,BATCH-018
SET-0518,TXN-0518,738.21,2024-01-26T22:31:51,BATCH-018
SET-0519,TXN-0519,1505.76,2024-01-23T10:37:11,BATCH-017
SET-0520,TXN-0520,3607.29,2024-01-13T23:17:53,BATCH-030
SET-0521,TXN-0521,686.09,2024-01-08T04:37:54,BATCH-022
SET-0522,TXN-0522,1905.65,2024-02-02T02:34:34,BATCH-022
SET-0523,TXN-0523,4079.22,2024-01-23T21:42:15,BATCH-021
SET-0524,TXN-0524,4736.92,2024-02-01T06:47:31,BATCH-021
SET-0525,TXN-0525,4823.23,2024-01-11T14:57:44,BATCH-048
SET-0526,TXN-0526,2460.13,2024-02-02T17:23:05,BATCH-025
SET-0527,TXN-0527,4084.31,2024-01-16T14:34:24,BATCH-008
SET-0528,TXN-0528,1007.00,2024-01-29T08:56:00,BATCH-044
SET-0529,TXN-0529,144.31,2024-01-28T16:54:43,BATCH-029
SET-0530,TXN-0530,4158.10,2024-01-17T03:25:31,BATCH-044
SET-0531,TXN-0531,704.50,2024-01-26T05:43:49,BATCH-017
SET-0532,TXN-0532,3579.03,2024-01-09T11:35:23,BATCH-029
SET-0533,TXN-0533,2401.38,2024-02-01T00:38:36,BATCH-035
SET-0534,TXN-0534,3955.70,2024-01-03T18:50:04,BATCH-007
SET-0535,TXN-0535,3291.43,2024-01-14T01:12:36,BATCH-042
SET-0536,TXN-0536,231.04,2024-02-01T17:49:17,BATCH-028
SET-0537,TXN-0537,62.63,2024-01-07T03:26:03,BATCH-033
SET-0538,TXN-0538,2794.39,2024-01-28T04:26:35,BATCH-024
SET-0539,TXN-0539,2320.69,2024-01-20T23:42:15,BATCH-023
SET-0540,TXN-0540,2419.03,2024-01-04T04:37:03,BATCH-006
SET-0541,TXN-0541,4158.28,2024-01-08T15:13:50,BATCH-020
SET-0542,TXN-0542,2282.11,2024-01-19T15:42:05,BATCH-023
SET-0543,TXN-0543,497.14,2024-01-26T02:46:10,BATCH-005
SET-0544,TXN-0544,232.97,2024-01-16T13:49:58,BATCH-022
SET-0545,TXN-0545,3388.93,2024-01-07T07:25:00,BATCH-034
SET-0546,TXN-0546,2764.03,2024-01-11T11:15:09,BATCH-030
SET-0547,TXN-0547,3990.80,2024-01-13T06:07:52,BATCH-041
SET-0548,TXN-0548,1983.96,2024-01-23T23:28:23,BATCH-038
SET-0549,TXN-0549,1950.29,2024-01-22T20:27:55,BATCH-018
SET-0550,TXN-0550,2890.97,2024-01-05T00:53:31,BATCH-024
SET-0551,TXN-0551,993.40,2024-01-18T19:47:59,BATCH-043
SET-0552,TXN-0552,2643.30,2024-01-26T18:17:24,BATCH-040
SET-0553,TXN-0553,2939.15,2024-01-22T01:20:48,BATCH-030
SET-0554,TXN-0554,870.91,2024-01-31T23:16:46,BATCH-044
SET-0555,TXN-0555,1572.80,2024-01-09T12:03:37,BATCH-008
SET-0556,TXN-0556,1872.80,2024-01-11T21:15:44,BATCH-027
SET-0557,TXN-0557,697.96,2024-01-31T22:53:11,BATCH-012
SET-0558,TXN-0558,3181.15,2024-01-25T15:00:42,BATCH-032
SET-0559,TXN-0559,710.08,2024-01-17T00:31:00,BATCH-040
SET-0560,TXN-0560,4328.96,2024-01-05T14:27:41,BATCH-009
SET-0561,TXN-0561,4077.93,2024-01-12T11:20:28,BATCH-027
SET-0562,TXN-0562,2084.00,2024-01-26T20:54:07,BATCH-011
SET-0563,TXN-0563,2831.34,2024-01-07T00:19:05,BATCH-003
SET-0564,TXN-0564,1131.97,2024-01-15T08:13:36,BATCH-050
SET-0565,TXN-0565,2832.60,2024-01-24T04:49:04,BATCH-037
SET-0566,TXN-0566,1346.77,2024-01-08T13:03:37,BATCH-035
SET-0567,TXN-0567,3802.42,2024-01-04T00:28:47,BATCH-028
SET-0568,TXN-0568,3682.58,2024-01-07T23:19:25,BATCH-003
SET-0569,TXN-0569,1321.45,2024-01-24T19:58:34,BATCH-008
SET-0570,TXN-0570,1057.29,2024-01-14T12:03:43,BATCH-011
SET-0571,TXN-0571,704.78,2024-01-31T21:52:05,BATCH-004
SET-0572,TXN-0572,1760.57,2024-01-29T16:11:05,BATCH-021
SET-0573,TXN-0573,1453.77,2024-01-16T04:56:38,BATCH-009
SET-0574,TXN-0574,4594.66,2024-01-21T23:32:39,BATCH-045
SET-0575,TXN-0575,1255.89,2024-01-08T10:35:45,BATCH-049
SET-0576,TXN-0576,2452.40,2024-01-22T01:31:46,BATCH-025
SET-0577,TXN-0577,386.83,2024-01-24T22:36:30,BATCH-033
SET-0578,TXN-0578,3476.57,2024-01-16T12:09:23,BATCH-032
SET-0579,TXN-0579,2913.96,2024-01-18T21:19:10,BATCH-041
SET-0580,TXN-0580,4252.03,2024-01-20T09:21:35,BATCH-014
SET-0581,TXN-0581,4125.99,2024-01-23T20:34:13,BATCH-021
SET-0582,TXN-0582,1695.40,2024-01-16T18:24:35,BATCH-022
SET-0583,TXN-0583,239.26,2024-01-04T08:24:03,BATCH-008
SET-0584,TXN-0584,2212.02,2024-01-10T16:03:50,BATCH-013
SET-0585,TXN-0585,4411.92,2024-01-08T09:41:23,BATCH-018
SET-0586,TXN-0586,3276.39,2024-01-06T12:44:56,BATCH-024
SET-0587,TXN-0587,268.42,2024-01-10T00:51:02,BATCH-028
SET-0588,TXN-0588,3521.45,2024-01-06T10:15:17,BATCH-031
SET-0589,TXN-0589,672.17,2024-01-06T18:48:18,BATCH-001
SET-0590,TXN-0590,3481.03,2024-01-03T09:23:36,BATCH-045
SET-0591,TXN-0591,2393.72,2024-01-09T09:59:42,BATCH-006
SET-0592,TXN-0592,524.98,2024-01-07T23:20:10,BATCH-009
SET-0593,TXN-0593,3869.57,2024-01-20T13:54:08,BATCH-005
SET-0594,TXN-0594,2820.82,2024-01-28T18:05:12,BATCH-023
SET-0595,TXN-0595,3144.12,2024-01-13T08:13:39,BATCH-040
SET-0596,TXN-0596,4301.21,2024-01-23T11:24:52,BATCH-009
SET-0597,TXN-0597,2951.97,2024-01-08T23:29:18,BATCH-028
SET-0598,TXN-0598,3957.47,2024-01-18T06:25:23,BATCH-042
SET-0599,TXN-0599,1248.35,2024-01-06T02:09:24,BATCH-043
SET-0600,TXN-0600,1035.17,2024-01-16T15:26:49,BATCH-048
SET-0601,TXN-0601,1484.75,2024-01-21T00:25:22,BATCH-032
SET-0602,TXN-0602,572.59,2024-01-20T17:35:21,BATCH-034
SET-0603,TXN-0603,4934.54,2024-01-02T14:03:32,BATCH-025
SET-0604,TXN-0604,2110.11,2024-01-29T14:12:40,BATCH-049
SET-0605,TXN-0605,4772.72,2024-01-24T20:46:18,BATCH-038
SET-0606,TXN-0606,78.83,2024-01-05T06:40:52,BATCH-004
SET-0607,TXN-0607,2537.99,2024-01-22T07:40:28,BATCH-028
SET-0608,TXN-0608,421.31,2024-01-21T12:41:13,BATCH-018
SET-0609,TXN-0609,1556.44,2024-01-06T01:23:51,BATCH-010
SET-0610,TXN-0610,1640.48,2024-01-29T00:56:23,BATCH-045
SET-0611,TXN-0611,3652.49,2024-01-23T05:42:29,BATCH-016
SET-0612,TXN-0612,4623.89,2024-01-07T04:26:42,BATCH-040
SET-0613,TXN-0613,284.59,2024-01-31T13:20:28,BATCH-001
SET-0614,TXN-0614,3510.48,2024-01-09T15:51:47,BATCH-023
SET-0615,TXN-0615,2590.94,2024-01-27T09:20:43,BATCH-024
SET-0616,TXN-0616,3751.38,2024-01-08T03:53:05,BATCH-050
SET-0617,TXN-0617,1681.71,2024-01-04T10:12:09,BATCH-034
SET-0618,TXN-0618,1322.12,2024-01-06T02:24:58,BATCH-030
SET-0619,TXN-0619,1807.02,2024-01-26T19:06:14,BATCH-024
SET-0620,TXN-0620,1283.03,2024-01-09T15:16:45,BATCH-015
SET-0621,TXN-0621,22.82,2024-01-26T16:49:26,BATCH-003
SET-0622,TXN-0622,1826.24,2024-01-24T21:38:44,BATCH-003
SET-0623,TXN-0623,4017.55,2024-01-28T20:08:02,BATCH-021
SET-0624,TXN-0624,2087.12,2024-01-15T01:14:51,BATCH-005
SET-0625,TXN-0625,1870.31,2024-01-29T17:53:15,BATCH-012
SET-0626,TXN-0626,4023.65,2024-01-13T20:01:45,BATCH-005
SET-0627,TXN-0627,4331.50,2024-01-25T13:52:26,BATCH-006
SET-0628,TXN-0628,2289.16,2024-01-28T20:23:53,BATCH-019
SET-0629,TXN-0629,3924.69,2024-01-30T08:52:56,BATCH-024
SET-0630,TXN-0630,4859.57,2024-01-30T17:22:11,BATCH-010
SET-0631,TXN-0631,4662.66,2024-01-02T07:25:50,BATCH-035
SET-0632,TXN-0632,3183.35,2024-01-19T19:36:46,BATCH-001
SET-0633,TXN-0633,4246.54,2024-01-20T06:23:31,BATCH-014
SET-0634,TXN-0634,4915.75,2024-01-28T17:16:43,BATCH-004
SET-0635,TXN-0635,3561.15,2024-01-08T21:52:37,BATCH-015
SET-0636,TXN-0636,2071.15,2024-01-28T05:33:48,BATCH-048
SET-0637,TXN-0637,2908.05,2024-01-06T02:55:06,BATCH-041
SET-0638,TXN-0638,383.40,2024-01-22T03:27:09,BATCH-043
SET-0639,TXN-0639,1191.49,2024-01-09T08:17:10,BATCH-026
SET-0640,TXN-0640,1597.11,2024-01-17T20:06:38,BATCH-005
SET-0641,TXN-0641,689.20,2024-01-11T20:10:38,BATCH-007
SET-0642,TXN-0642,2253.34,2024-01-10T23:30:38,BATCH-008
SET-0643,TXN-0643,1797.85,2024-01-29T00:23:50,BATCH-020
SET-0644,TXN-0644,1332.39,2024-01-24T11:50:16,BATCH-011
SET-0645,TXN-0645,4133.67,2024-01-16T18:26:10,BATCH-021
SET-0646,TXN-0646,465.15,2024-01-10T04:48:35,BATCH-026
SET-0647,TXN-0647,254.26,2024-01-27T22:13:25,BATCH-012
SET-0648,TXN-0648,4760.96,2024-01-03T12:12:47,BATCH-007
SET-0649,TXN-0649,518.52,2024-01-24T10:19:09,BATCH-001
SET-0650,TXN-0650,4153.56,2024-01-04T23:50:59,BATCH-013
SET-0651,TXN-0651,1867.48,2024-01-22T10:42:41,BATCH-005
SET-0652,TXN-0652,4985.84,2024-01-04T01:23:56,BATCH-009
SET-0653,TXN-0653,4526.34,2024-01-06T11:09:46,BATCH-003
SET-0654,TXN-0654,262.68,2024-01-25T09:05:52,BATCH-032
SET-0655,TXN-0655,1919.82,2024-01-03T10:20:57,BATCH-023
SET-0656,TXN-0656,4542.44,2024-01-13T10:09:44,BATCH-029
SET-0657,TXN-0657,182.90,2024-01-10T05:10:05,BATCH-032
SET-0658,TXN-0658,4415.07,2024-01-22T00:00:20,BATCH-006
SET-0659,TXN-0659,1921.25,2024-01-15T13:57:45,BATCH-042
SET-0660,TXN-0660,1253.25,2024-01-27T12:37:04,BATCH-025
SET-0661,TXN-0661,2403.63,2024-01-20T10:23:45,BATCH-037
SET-0662,TXN-0662,1614.81,2024-01-26T09:19:50,BATCH-002
SET-0663,TXN-0663,2989.61,2024-01-18T11:31:09,BATCH-004
SET-0664,TXN-0664,2651.87,2024-01-24T21:33:07,BATCH-007
SET-0665,TXN-0665,3287.75,2024-01-14T00:46:27,BATCH-049
SET-0666,TXN-0666,2882.70,2024-01-13T15:37:58,BATCH-012
SET-0667,TXN-0667,1190.39,2024-01-11T13:10:18,BATCH-038
SET-0668,TXN-0668,3520.23,2024-01-03T08:51:46,BATCH-037
SET-0669,TXN-0669,4185.12,2024-01-12T03:18:29,BATCH-012
SET-0670,TXN-0670,199.44,2024-01-25T19:23:59,BATCH-039
SET-0671,TXN-0671,109.44,2024-01-12T14:55:51,BATCH-022
SET-0672,TXN-0672,1015.31,2024-02-01T19:31:07,BATCH-046
SET-0673,TXN-0673,4594.72,2024-01-10T14:45:20,BATCH-002
SET-0674,TXN-0674,2937.18,2024-01-09T04:05:49,BATCH-034
SET-0675,TXN-0675,4803.19,2024-01-20T17:07:38,BATCH-038
SET-0676,TXN-0676,1689.44,2024-01-06T21:42:39,BATCH-011
SET-0677,TXN-0677,3961.29,2024-01-24T04:59:18,BATCH-012
SET-0678,TXN-0678,3470.87,2024-01-29T06:45:03,BATCH-043
SET-0679,TXN-0679,4074.13,2024-01-31T14:10:35,BATCH-047
SET-0680,TXN-0680,645.47,2024-01-17T07:08:14,BATCH-050
SET-0681,TXN-0681,171.59,2024-01-29T13:09:55,BATCH-041
SET-0682,TXN-0682,529.51,2024-01-29T10:54:49,BATCH-022
SET-0683,TXN-0683,1197.60,2024-01-05T18:39:04,BATCH-041
SET-0684,TXN-0684,4110.09,2024-01-07T07:22:23,BATCH-001
SET-0685,TXN-0685,1056.32,2024-01-15T20:59:41,BATCH-017
SET-0686,TXN-0686,3604.86,2024-01-08T05:52:09,BATCH-029
SET-0687,TXN-0687,4845.82,2024-01-23T08:55:53,BATCH-025
SET-0688,TXN-0688,2734.66,2024-01-20T01:12:50,BATCH-037
SET-0689,TXN-0689,821.66,2024-01-12T22:49:22,BATCH-019
SET-0690,TXN-0690,1600.40,2024-01-02T23:23:33,BATCH-022
SET-0691,TXN-0691,4440.78,2024-01-10T06:11:12,BATCH-036
SET-0692,TXN-0692,1696.37,2024-01-06T12:28:29,BATCH-028
SET-0693,TXN-0693,3040.51,2024-01-10T00:14:08,BATCH-004
SET-0694,TXN-0694,1662.16,2024-01-07T21:58:26,BATCH-045
SET-0695,TXN-0695,3612.97,2024-01-29T21:35:15,BATCH-043
SET-0696,TXN-0696,1494.03,2024-01-15T15:59:53,BATCH-026
SET-0697,TXN-0697,2752.82,2024-01-29T18:09:36,BATCH-004
SET-0698,TXN-0698,29.04,2024-01-20T12:23:46,BATCH-043
SET-0699,TXN-0699,3005.08,2024-02-01T08:17:01,BATCH-002
SET-0700,TXN-0700,862.45,2024-01-12T01:07:03,BATCH-031
SET-0701,TXN-0701,1548.68,2024-01-08T14:34:39,BATCH-032
SET-0702,TXN-0702,464.77,2024-01-15T20:45:09,BATCH-012
SET-0703,TXN-0703,4428.61,2024-01-20T00:16:12,BATCH-029
SET-0704,TXN-0704,1323.85,2024-01-05T03:58:56,BATCH-015
SET-0705,TXN-0705,2825.59,2024-01-15T00:53:50,BATCH-006
SET-0706,TXN-0706,4042.82,2024-01-18T16:32:45,BATCH-036
SET-0707,TXN-0707,4205.58,2024-01-05T23:03:04,BATCH-035
SET-0708,TXN-0708,2867.84,2024-01-26T01:12:37,BATCH-020
SET-0709,TXN-0709,1980.07,2024-01-05T19:59:21,BATCH-008
SET-0710,TXN-0710,872.67,2024-01-23T19:10:09,BATCH-013
SET-0711,TXN-0711,222.95,2024-01-09T03:01:02,BATCH-013
SET-0712,TXN-0712,747.91,2024-02-02T10:46:17,BATCH-047
SET-0713,TXN-0713,444.27,2024-01-06T06:04:28,BATCH-018
SET-0714,TXN-0714,2296.20,2024-01-28T05:28:50,BATCH-008
SET-0715,TXN-0715,756.72,2024-01-22T02:51:37,BATCH-037
SET-0716,TXN-0716,3930.87,2024-01-07T21:39:44,BATCH-027
SET-0717,TXN-0717,1921.39,2024-01-15T19:44:29,BATCH-003
SET-0718,TXN-0718,1384.32,2024-01-11T08:37:38,BATCH-003
SET-0719,TXN-0719,4448.98,2024-01-21T05:07:55,BATCH-004
SET-0720,TXN-0720,4604.97,2024-01-25T01:40:09,BATCH-022
SET-0721,TXN-0721,1561.64,2024-01-16T17:05:04,BATCH-015
SET-0722,TXN-0722,1509.40,2024-01-09T12:34:13,BATCH-018
SET-0723,TXN-0723,3028.85,2024-01-22T05:34:31,BATCH-029
SET-0724,TXN-0724,4568.03,2024-01-13T06:17:16,BATCH-049
SET-0725,TXN-0725,4337.27,2024-01-27T01:46:03,BATCH-005
SET-0726,TXN-0726,3550.75,2024-01-17T02:29:04,BATCH-050
SET-0727,TXN-0727,4397.87,2024-01-27T10:50:15,BATCH-013
SET-0728,TXN-0728,4186.51,2024-01-11T17:51:49,BATCH-030
SET-0729,TXN-0729,4590.98,2024-01-05T10:54:20,BATCH-024
SET-0730,TXN-0730,2530.58,2024-01-24T12:51:13,BATCH-016
SET-0731,TXN-0731,2449.05,2024-01-20T01:57:18,BATCH-031
SET-0732,TXN-0732,2761.16,2024-01-30T11:45:54,BATCH-017
SET-0733,TXN-0733,1432.50,2024-01-06T09:18:51,BATCH-011
SET-0734,TXN-0734,3901.35,2024-01-29T18:43:44,BATCH-042
SET-0735,TXN-0735,3391.70,2024-01-13T22:16:28,BATCH-033
SET-0736,TXN-0736,4324.50,2024-01-03T23:21:45,BATCH-009
SET-0737,TXN-0737,3009.70,2024-01-10T09:47:36,BATCH-017
SET-0738,TXN-0738,4027.38,2024-02-01T12:46:19,BATCH-028
SET-0739,TXN-0739,4259.42,2024-01-21T06:37:32,BATCH-014
SET-0740,TXN-0740,1517.70,2024-01-25T15:44:33,BATCH-038
SET-0741,TXN-0741,46.66,2024-01-07T23:12:08,BATCH-020
SET-0742,TXN-0742,2413.87,2024-01-08T05:57:03,BATCH-041
SET-0743,TXN-0743,4308.84,2024-01-18T18:48:43,BATCH-013
SET-0744,TXN-0744,2591.29,2024-01-09T06:40:49,BATCH-039
SET-0745,TXN-0745,3306.05,2024-01-21T14:48:31,BATCH-042
SET-0746,TXN-0746,4987.37,2024-01-27T03:28:52,BATCH-026
SET-0747,TXN-0747,3686.29,2024-01-21T20:22:23,BATCH-047
SET-0748,TXN-0748,3434.73,2024-01-13T19:04:18,BATCH-033
SET-0749,TXN-0749,4228.64,2024-01-17T13:45:08,BATCH-007
SET-0750,TXN-0750,648.44,2024-01-24T20:29:58,BATCH-044
SET-0751,TXN-0751,3275.63,2024-01-19T07:02:24,BATCH-015
SET-0752,TXN-0752,2108.16,2024-01-17T21:46:48,BATCH-017
SET-0753,TXN-0753,1477.32,2024-01-31T10:14:21,BATCH-004
SET-0754,TXN-0754,2922.04,2024-02-02T19:07:32,BATCH-013
SET-0755,TXN-0755,607.88,2024-01-27T07:05:54,BATCH-027
SET-0756,TXN-0756,4355.54,2024-01-04T14:59:12,BATCH-013
SET-0757,TXN-0757,2051.87,2024-01-18T15:14:21,BATCH-021
SET-0758,TXN-0758,3896.92,2024-01-11T18:07:51,BATCH-041
SET-0759,TXN-0759,1573.94,2024-01-10T14:00:54,BATCH-029
SET-0760,TXN-0760,1054.82,2024-01-15T06:40:59,BATCH-032
SET-0761,TXN-0761,655.74,2024-01-07T06:34:32,BATCH-026
SET-0762,TXN-0762,4826.99,2024-01-22T19:51:03,BATCH-003
SET-0763,TXN-0763,1005.08,2024-01-27T21:54:06,BATCH-021
SET-0764,TXN-0764,960.98,2024-01-27T18:41:57,BATCH-015
SET-0765,TXN-0765,1567.34,2024-01-19T17:11:47,BATCH-033
SET-0766,TXN-0766,1537.51,2024-01-30T13:51:03,BATCH-020
SET-0767,TXN-0767,2285.07,2024-01-17T02:50:20,BATCH-028
SET-0768,TXN-0768,1720.24,2024-01-09T11:52:33,BATCH-049
SET-0769,TXN-0769,832.77,2024-01-11T03:31:56,BATCH-015
SET-0770,TXN-0770,3638.57,2024-01-12T21:21:11,BATCH-047
SET-0771,TXN-0771,2952.57,2024-01-03T01:31:50,BATCH-024
SET-0772,TXN-0772,1882.21,2024-01-03T19:31:53,BATCH-039
SET-0773,TXN-0773,3313.23,2024-01-04T07:52:40,BATCH-045
SET-0774,TXN-0774,2089.71,2024-01-07T14:54:17,BATCH-036
SET-0775,TXN-0775,2377.24,2024-01-14T06:27:41,BATCH-045
SET-0776,TXN-0776,56.43,2024-02-01T14:21:57,BATCH-043
SET-0777,TXN-0777,1357.19,2024-01-28T06:12:15,BATCH-007
SET-0778,TXN-0778,3596.64,2024-01-27T20:02:22,BATCH-008
SET-0779,TXN-0779,2493.72,2024-01-08T03:48:22,BATCH-034
SET-0780,TXN-0780,1796.03,2024-01-12T18:57:58,BATCH-011
SET-0781,TXN-0781,2745.21,2024-01-04T21:54:39,BATCH-022
SET-0782,TXN-0782,23.66,2024-01-13T09:13:06,BATCH-037
SET-0783,TXN-0783,754.23,2024-01-25T23:40:22,BATCH-047
SET-0784,TXN-0784,4524.85,2024-01-07T22:00:43,BATCH-019
SET-0785,TXN-0785,2326.74,2024-01-14T19:43:40,BATCH-003
SET-0786,TXN-0786,1807.47,2024-01-17T02:32:07,BATCH-048
SET-0787,TXN-0787,484.04,2024-01-07T15:02:04,BATCH-009
SET-0788,TXN-0788,1650.02,2024-01-11T06:39:40,BATCH-047
SET-0789,TXN-0789,1869.38,2024-01-06T12:17:46,BATCH-008
SET-0790,TXN-0790,2007.25,2024-01-22T10:56:22,BATCH-025
SET-0791,TXN-0791,4001.50,2024-01-25T05:11:44,BATCH-009
SET-0792,TXN-0792,4908.03,2024-01-04T20:19:40,BATCH-027
SET-0793,TXN-0793,2418.55,2024-01-30T16:16:26,BATCH-040
SET-0794,TXN-0794,3898.03,2024-01-20T10:26:30,BATCH-031
SET-0795,TXN-0795,573.56,2024-01-26T16:42:15,BATCH-003
SET-0796,TXN-0796,1315.45,2024-01-05T01:47:30,BATCH-046
SET-0797,TXN-0797,3839.97,2024-01-28T11:27:25,BATCH-034
SET-0798,TXN-0798,3444.33,2024-01-28T09:27:33,BATCH-043
SET-0799,TXN-0799,2414.83,2024-01-14T01:36:47,BATCH-036
SET-0800,TXN-0800,282.28,2024-02-01T18:05:47,BATCH-032
SET-0801,TXN-0801,383.58,2024-01-11T00:42:34,BATCH-016
SET-0802,TXN-0802,4851.02,2024-01-18T01:31:13,BATCH-036
SET-0803,TXN-0803,2022.35,2024-01-20T09:08:41,BATCH-030
SET-0804,TXN-0804,4008.29,2024-01-23T13:31:03,BATCH-032
SET-0805,TXN-0805,1587.15,2024-01-23T16:52:19,BATCH-007
SET-0806,TXN-0806,2067.57,2024-01-21T14:02:28,BATCH-006
SET-0807,TXN-0807,4816.22,2024-01-31T07:56:52,BATCH-042
SET-0808,TXN-0808,4752.27,2024-01-24T03:31:14,BATCH-015
SET-0809,TXN-0809,1666.54,2024-01-25T01:29:03,BATCH-046
SET-0810,TXN-0810,578.98,2024-01-23T23:14:18,BATCH-022
SET-0811,TXN-0811,4151.12,2024-01-20T05:46:00,BATCH-045
SET-0812,TXN-0812,238.43,2024-01-08T03:52:27,BATCH-009
SET-0813,TXN-0813,543.74,2024-01-21T20:45:54,BATCH-008
SET-0814,TXN-0814,1085.79,2024-01-22T01:45:27,BATCH-007
SET-0815,TXN-0815,242.04,2024-01-23T02:53:34,BATCH-030
SET-0816,TXN-0816,4781.39,2024-01-31T14:36:11,BATCH-001
SET-0817,TXN-0817,3683.71,2024-01-28T17:55:09,BATCH-033
SET-0818,TXN-0818,3462.17,2024-01-10T14:27:20,BATCH-007
SET-0819,TXN-0819,3291.03,2024-01-21T19:21:36,BATCH-027
SET-0820,TXN-0820,4580.39,2024-02-01T13:31:44,BATCH-026
SET-0821,TXN-0821,4852.75,2024-01-18T15:27:34,BATCH-009
SET-0822,TXN-0822,3016.60,2024-01-23T00:52:59,BATCH-045
SET-0823,TXN-0823,4304.93,2024-01-28T14:14:24,BATCH-014
SET-0824,TXN-0824,3574.78,2024-02-01T07:12:28,BATCH-046
SET-0825,TXN-0825,2524.43,2024-01-10T15:10:00,BATCH-049
SET-0826,TXN-0826,2815.78,2024-01-20T02:23:12,BATCH-028
SET-0827,TXN-0827,2618.42,2024-01-03T14:52:43,BATCH-010
SET-0828,TXN-0828,3354.57,2024-01-05T13:49:30,BATCH-049
SET-0829,TXN-0829,4917.83,2024-01-09T19:30:11,BATCH-004
SET-0830,TXN-0830,1027.96,2024-01-16T07:51:49,BATCH-023
SET-0831,TXN-0831,521.38,2024-01-24T23:18:38,BATCH-016
SET-0832,TXN-0832,3923.69,2024-01-26T19:16:03,BATCH-025
SET-0833,TXN-0833,2088.67,2024-01-20T19:32:02,BATCH-001
SET-0834,TXN-0834,1023.41,2024-01-14T04:50:01,BATCH-041
SET-0835,TXN-0835,3777.99,2024-01-19T20:26:58,BATCH-050
SET-0836,TXN-0836,1477.95,2024-01-11T09:26:28,BATCH-012
SET-0837,TXN-0837,3678.05,2024-01-11T10:29:09,BATCH-003
SET-0838,TXN-0838,1402.77,2024-01-22T19:14:52,BATCH-011
SET-0839,TXN-0839,4231.61,2024-01-31T08:23:35,BATCH-030
SET-0840,TXN-0840,209.30,2024-01-09T12:21:42,BATCH-050
SET-0841,TXN-0841,3081.89,2024-02-02T08:36:17,BATCH-037
SET-0842,TXN-0842,1796.85,2024-01-28T16:58:59,BATCH-012
SET-0843,TXN-0843,350.20,2024-01-27T06:33:01,BATCH-027
SET-0844,TXN-0844,2689.81,2024-01-29T08:44:03,BATCH-015
SET-0845,TXN-0845,3320.04,2024-01-13T08:34:30,BATCH-019
SET-0846,TXN-0846,4752.04,2024-01-13T14:30:25,BATCH-036
SET-0847,TXN-0847,582.46,2024-01-03T10:15:25,BATCH-016
SET-0848,TXN-0848,4593.85,2024-01-31T19:00:48,BATCH-044
SET-0849,TXN-0849,1913.05,2024-01-18T13:55:07,BATCH-017
SET-0850,TXN-0850,3622.64,2024-01-29T05:25:19,BATCH-033
SET-0851,TXN-0851,2233.33,2024-01-27T16:43:11,BATCH-042
SET-0852,TXN-0852,1608.36,2024-01-11T08:17:35,BATCH-011
SET-0853,TXN-0853,2670.70,2024-01-28T02:47:09,BATCH-043
SET-0854,TXN-0854,3870.18,2024-02-01T13:26:15,BATCH-014
SET-0855,TXN-0855,4145.46,2024-01-28T02:31:44,BATCH-048
SET-0856,TXN-0856,128.53,2024-01-09T11:08:13,BATCH-006
SET-0857,TXN-0857,280.80,2024-01-05T13:20:24,BATCH-037
SET-0858,TXN-0858,4555.82,2024-01-14T01:13:34,BATCH-029
SET-0859,TXN-0859,2028.20,2024-02-01T14:15:22,BATCH-025
SET-0860,TXN-0860,2678.82,2024-01-07T17:50:10,BATCH-045
SET-0861,TXN-0861,1794.92,2024-01-05T12:34:22,BATCH-019
SET-0862,TXN-0862,3036.76,2024-01-17T15:05:56,BATCH-025
SET-0863,TXN-0863,4112.39,2024-01-22T04:20:25,BATCH-011
SET-0864,TXN-0864,1107.13,2024-01-28T21:32:05,BATCH-041
SET-0865,TXN-0865,1497.30,2024-01-08T23:51:36,BATCH-036
SET-0866,TXN-0866,715.46,2024-01-28T22:42:11,BATCH-037
SET-0867,TXN-0867,1976.47,2024-01-30T23:09:11,BATCH-020
SET-0868,TXN-0868,3744.00,2024-01-12T04:43:45,BATCH-027
SET-0869,TXN-0869,720.85,2024-01-26T21:10:01,BATCH-040
SET-0870,TXN-0870,979.69,2024-01-14T06:27:55,BATCH-049
SET-0871,TXN-0871,2311.71,2024-01-29T15:27:28,BATCH-043
SET-0872,TXN-0872,1260.93,2024-01-06T06:28:59,BATCH-022
SET-0873,TXN-0873,649.79,2024-01-19T08:05:46,BATCH-019
SET-0874,TXN-0874,358.35,2024-02-02T01:47:17,BATCH-032
SET-0875,TXN-0875,1648.45,2024-01-23T21:02:26,BATCH-037
SET-0876,TXN-0876,1828.82,2024-01-30T12:26:31,BATCH-011
SET-0877,TXN-0877,1572.94,2024-01-03T05:37:46,BATCH-018
SET-0878,TXN-0878,680.19,2024-01-20T10:49:53,BATCH-030
SET-0879,TXN-0879,1800.12,2024-01-24T14:52:46,BATCH-036
SET-0880,TXN-0880,887.09,2024-01-08T06:47:57,BATCH-009
SET-0881,TXN-0881,990.20,2024-01-28T03:32:07,BATCH-002
SET-0882,TXN-0882,3161.82,2024-01-26T14:54:20,BATCH-003
SET-0883,TXN-0883,1310.48,2024-01-29T18:39:12,BATCH-042
SET-0884,TXN-0884,1835.43,2024-01-10T05:10:11,BATCH-009
SET-0885,TXN-0885,2510.60,2024-01-25T13:24:57,BATCH-024
SET-0886,TXN-0886,62.85,2024-01-26T09:04:02,BATCH-049
SET-0887,TXN-0887,710.45,2024-01-26T23:00:45,BATCH-037
SET-0888,TXN-0888,3300.47,2024-01-30T11:13:09,BATCH-023
SET-0889,TXN-0889,1101.91,2024-01-03T23:05:33,BATCH-005
SET-0890,TXN-0890,1853.48,2024-01-14T19:59:54,BATCH-034
SET-0891,TXN-0891,1946.58,2024-01-19T12:53:18,BATCH-003
SET-0892,TXN-0892,525.09,2024-01-18T17:34:12,BATCH-048
SET-0893,TXN-0893,2897.37,2024-01-15T18:47:07,BATCH-042
SET-0894,TXN-0894,1832.83,2024-01-21T09:00:21,BATCH-025
SET-0895,TXN-0895,2586.70,2024-01-13T19:41:47,BATCH-032
SET-0896,TXN-0896,4436.99,2024-01-25T09:41:56,BATCH-029
SET-0897,TXN-0897,1157.65,2024-01-11T00:56:41,BATCH-014
SET-0898,TXN-0898,942.66,2024-01-09T07:02:33,BATCH-043
SET-0899,TXN-0899,2078.92,2024-01-13T04:22:22,BATCH-031
SET-0900,TXN-0900,2400.32,2024-01-26T05:51:34,BATCH-002
SET-0901,TXN-0901,225.29,2024-01-13T19:53:47,BATCH-041
SET-0902,TXN-0902,205.56,2024-01-26T21:16:19,BATCH-011
SET-0903,TXN-0903,4613.01,2024-01-15T12:53:39,BATCH-039
SET-0904,TXN-0904,3191.74,2024-01-29T08:38:49,BATCH-014
SET-0905,TXN-0905,3036.56,2024-01-24T19:21:35,BATCH-011
SET-0906,TXN-0906,4153.51,2024-01-12T15:34:38,BATCH-040
SET-0907,TXN-0907,1329.96,2024-01-27T19:07:51,BATCH-039
SET-0908,TXN-0908,353.53,2024-01-31T16:05:39,BATCH-009
SET-0909,TXN-0909,92.65,2024-01-08T06:29:36,BATCH-010
SET-0910,TXN-0910,490.53,2024-01-31T09:28:17,BATCH-035
SET-0911,TXN-0911,3764.39,2024-01-27T10:25:15,BATCH-043
SET-0912,TXN-0912,4510.90,2024-01-08T07:50:38,BATCH-050
SET-0913,TXN-0913,2615.00,2024-01-22T22:43:48,BATCH-045
SET-0914,TXN-0914,2150.49,2024-01-28T17:16:51,BATCH-023
SET-0915,TXN-0915,4025.06,2024-01-31T14:17:26,BATCH-009
SET-0916,TXN-0916,2390.93,2024-01-14T08:32:05,BATCH-019
SET-0917,TXN-0917,4385.06,2024-02-01T01:03:39,BATCH-013
SET-0918,TXN-0918,3548.65,2024-01-02T06:22:20,BATCH-034
SET-0919,TXN-0919,1881.40,2024-01-03T08:22:54,BATCH-027
SET-0920,TXN-0920,541.85,2024-01-20T14:04:29,BATCH-017
SET-0921,TXN-0921,2123.57,2024-01-29T00:36:26,BATCH-044
SET-0922,TXN-0922,3777.31,2024-01-22T07:04:03,BATCH-012
SET-0923,TXN-0923,2799.88,2024-01-20T23:19:45,BATCH-020
SET-0924,TXN-0924,1728.34,2024-01-30T01:00:44,BATCH-043
SET-0925,TXN-0925,3741.59,2024-01-07T18:44:41,BATCH-007
SET-0926,TXN-0926,2546.63,2024-01-12T09:51:42,BATCH-011
SET-0927,TXN-0927,4823.21,2024-01-20T21:20:19,BATCH-010
SET-0928,TXN-0928,4630.05,2024-01-24T21:32:01,BATCH-005
SET-0929,TXN-0929,1116.63,2024-01-14T18:31:27,BATCH-047
SET-0930,TXN-0930,4654.12,2024-01-21T15:46:20,BATCH-046
SET-0931,TXN-0931,296.74,2024-02-01T00:06:21,BATCH-029
SET-0932,TXN-0932,1016.52,2024-01-03T12:28:42,BATCH-013
SET-0933,TXN-0933,3921.96,2024-01-03T15:09:27,BATCH-040
SET-0934,TXN-0934,3373.38,2024-01-10T05:27:42,BATCH-042
SET-0935,TXN-0935,4878.47,2024-01-03T00:20:04,BATCH-050
SET-0936,TXN-0936,1772.11,2024-01-22T09:22:26,BATCH-038
SET-0937,TXN-0937,2593.54,2024-01-11T17:22:42,BATCH-036
SET-0938,TXN-0938,3633.43,2024-01-16T19:27:33,BATCH-018
SET-0939,TXN-0939,3035.75,2024-01-13T23:39:12,BATCH-026
SET-0940,TXN-0940,33.21,2024-01-30T21:48:53,BATCH-033
SET-0941,TXN-0941,2797.57,2024-01-08T04:02:26,BATCH-022
SET-0942,TXN-0942,4016.68,2024-01-08T16:19:31,BATCH-045
SET-0943,TXN-0943,4830.62,2024-01-23T11:51:46,BATCH-049
SET-0944,TXN-0944,4806.58,2024-01-19T11:44:00,BATCH-038
SET-0945,TXN-0945,2415.03,2024-01-03T07:51:57,BATCH-025
SET-0946,TXN-0946,3945.39,2024-02-01T18:16:10,BATCH-021
SET-0947,TXN-0947,4777.67,2024-01-22T00:30:39,BATCH-045
SET-0948,TXN-0948,1248.81,2024-01-15T18:49:28,BATCH-044
SET-0949,TXN-0949,389.38,2024-01-19T14:27:02,BATCH-021
SET-0950,TXN-0950,1100.65,2024-01-19T03:54:05,BATCH-048
SET-0951,TXN-0951,2500.01,2024-01-11T05:33:40,BATCH-048
SET-0952,TXN-0952,4364.99,2024-01-13T18:00:58,BATCH-013
SET-0953,TXN-0953,4183.31,2024-01-14T02:54:58,BATCH-050
SET-0954,TXN-0954,608.19,2024-01-08T04:18:07,BATCH-040
SET-0955,TXN-0955,3823.58,2024-01-02T07:43:01,BATCH-031
SET-0956,TXN-0956,3107.13,2024-01-21T00:28:31,BATCH-032
SET-0957,TXN-0957,4922.13,2024-01-11T21:03:40,BATCH-026
SET-0958,TXN-0958,3753.35,2024-01-12T18:45:24,BATCH-034
SET-0959,TXN-0959,2396.82,2024-01-22T13:02:08,BATCH-033
SET-0960,TXN-0960,1974.65,2024-01-19T20:37:15,BATCH-008
SET-0961,TXN-0961,2305.75,2024-01-27T03:45:09,BATCH-044
SET-0962,TXN-0962,1903.35,2024-01-13T05:32:39,BATCH-024
SET-0963,TXN-0963,4310.59,2024-02-01T17:56:17,BATCH-016
SET-0964,TXN-0964,2362.01,2024-01-16T01:53:00,BATCH-012
SET-0965,TXN-0965,2125.47,2024-01-27T05:06:33,BATCH-024
SET-0966,TXN-0966,1405.35,2024-01-21T10:43:27,BATCH-037
SET-0967,TXN-0967,4072.81,2024-01-13T02:17:58,BATCH-036
SET-0968,TXN-0968,4282.98,2024-01-22T23:34:16,BATCH-048
SET-0969,TXN-0969,2370.21,2024-01-09T06:14:10,BATCH-027
SET-0970,TXN-0970,681.01,2024-01-27T06:04:25,BATCH-032
SET-0971,TXN-0971,1262.36,2024-01-17T13:33:54,BATCH-007
SET-0972,TXN-0972,309.58,2024-01-10T22:18:25,BATCH-041
SET-0973,TXN-0973,2254.78,2024-01-07T16:11:59,BATCH-024
SET-0974,TXN-0974,2806.15,2024-01-20T11:47:15,BATCH-002
SET-0975,TXN-0975,614.98,2024-01-21T23:44:10,BATCH-050
SET-0976,TXN-0976,1781.99,2024-01-16T19:35:35,BATCH-050
SET-0977,TXN-0977,4449.27,2024-01-24T16:42:40,BATCH-030
SET-0978,TXN-0978,4783.41,2024-02-02T15:59:52,BATCH-027
SET-0979,TXN-0979,3065.43,2024-02-01T15:29:12,BATCH-006
SET-0980,TXN-0980,1724.69,2024-01-10T20:44:35,BATCH-042
SET-0981,TXN-0981,3555.06,2024-01-17T03:27:17,BATCH-029
SET-0982,TXN-0982,3742.00,2024-01-20T15:07:03,BATCH-027
SET-0983,TXN-0983,927.59,2024-01-10T02:56:23,BATCH-047
SET-0984,TXN-0984,3313.49,2024-01-13T09:21:37,BATCH-011
SET-0985,TXN-0985,524.02,2024-01-22T06:35:29,BATCH-036
SET-0986,TXN-0986,141.56,2024-01-04T14:42:40,BATCH-007
SET-0987,TXN-0987,3094.33,2024-01-15T17:46:44,BATCH-020
SET-0988,TXN-0988,1244.51,2024-01-14T03:13:08,BATCH-041
SET-0989,TXN-0989,665.07,2024-01-08T03:16:49,BATCH-003
SET-0990,TXN-0990,4303.24,2024-01-20T07:45:00,BATCH-030
SET-0991,TXN-0991,4674.94,2024-01-29T05:49:34,BATCH-009
SET-0992,TXN-0992,893.41,2024-01-29T04:18:56,BATCH-034
SET-0993,TXN-0993,1555.21,2024-01-28T21:54:12,BATCH-035
SET-0994,TXN-0994,4025.49,2024-01-14T00:37:25,BATCH-024
SET-0995,TXN-0995,1306.44,2024-01-22T00:15:08,BATCH-001
SET-0996,TXN-0996,4078.75,2024-01-28T09:42:27,BATCH-019
SET-0997,TXN-0997,2680.14,2024-01-25T18:39:18,BATCH-020
SET-0998,TXN-0998,3831.69,2024-01-02T10:38:24,BATCH-001
SET-0999,TXN-0999,1874.48,2024-01-29T14:42:48,BATCH-026
SET-1000,TXN-1000,824.71,2024-01-15T03:09:00,BATCH-015
SET-DUPLICATE-001,TXN-0302,968.11,2024-01-25T14:32:48,BATCH-005
SET-ORPHAN-001,GHOST-TXN-999,-150.00,2024-01-25T14:30:00,BATCH-999
