transaction_id,amount,currency,status,created_at,customer_id
TXN-0001,134.80,USD,REFUNDED,2024-01-06T09:42:36,CUST-5506
TXN-0002,3684.99,USD,REFUNDED,2024-01-07T18:34:24,CUST-9935
TXN-0003,168.60,USD,REFUNDED,2024-01-21T11:34:28,CUST-2535
TXN-0004,3014.07,USD,REFUNDED,2024-01-25T12:46:53,CUST-4257
TXN-0005,2950.44,USD,REFUNDED,2024-01-22T19:21:59,CUST-1106
TXN-0006,1707.85,USD,COMPLETED,2024-01-21T12:22:53,CUST-3547
TXN-0007,520.03,USD,COMPLETED,2024-01-17T08:09:39,CUST-7224
TXN-0008,3022.59,USD,COMPLETED,2024-01-17T16:44:14,CUST-1711
TXN-0009,4865.85,USD,COMPLETED,2024-01-07T01:25:58,CUST-7201
TXN-0010,4148.73,USD,COMPLETED,2024-01-15T05:34:38,CUST-6925
TXN-0011,238.66,USD,COMPLETED,2024-01-04T09:02:15,CUST-4733
TXN-0012,4333.75,USD,COMPLETED,2024-01-12T07:13:15,CUST-7227
TXN-0013,4172.21,USD,COMPLETED,2024-01-31T20:37:33,CUST-3664
TXN-0014,3354.17,USD,COMPLETED,2024-01-11T04:05:36,CUST-2169
TXN-0015,825.38,USD,COMPLETED,2024-01-12T21:13:31,CUST-7216
TXN-0016,1105.88,USD,COMPLETED,2024-01-28T00:53:36,CUST-6313
TXN-0017,4027.18,USD,COMPLETED,2024-01-02T13:23:58,CUST-7572
TXN-0018,4566.55,USD,COMPLETED,2024-01-11T05:48:46,CUST-6155
TXN-0019,1984.20,USD,COMPLETED,2024-01-25T05:38:47,CUST-8517
TXN-0020,1240.67,USD,COMPLETED,2024-01-07T18:40:52,CUST-9830
TXN-0021,2147.88,USD,COMPLETED,2024-01-29T09:05:31,CUST-7543
TXN-0022,2552.54,USD,COMPLETED,2024-01-07T17:10:05,CUST-2489
TXN-0023,3140.96,USD,COMPLETED,2024-01-08T10:04:22,CUST-7916
TXN-0024,2983.48,USD,COMPLETED,2024-01-19T12:37:07,CUST-8668
TXN-0025,3404.61,USD,COMPLETED,2024-01-01T13:22:34,CUST-2876
TXN-0026,566.65,USD,COMPLETED,2024-01-17T12:19:59,CUST-8123
TXN-0027,4769.54,USD,COMPLETED,2024-01-01T03:46:51,CUST-5315
TXN-0028,4353.89,USD,COMPLETED,2024-01-06T03:58:39,CUST-5889
TXN-0029,3814.93,USD,COMPLETED,2024-01-19T03:38:28,CUST-9837
TXN-0030,2448.14,USD,COMPLETED,2024-01-16T17:40:09,CUST-2832
TXN-0031,299.05,USD,COMPLETED,2024-01-12T14:58:55,CUST-2290
TXN-0032,4081.96,USD,COMPLETED,2024-01-24T14:13:11,CUST-9727
TXN-0033,4734.77,USD,COMPLETED,2024-01-24T01:44:38,CUST-3705
TXN-0034,2121.46,USD,COMPLETED,2024-01-30T10:43:59,CUST-4470
TXN-0035,2000.97,USD,COMPLETED,2024-01-16T03:10:32,CUST-7118
TXN-0036,613.81,USD,COMPLETED,2024-01-22T22:01:10,CUST-4681
TXN-0037,2945.66,USD,COMPLETED,2024-01-02T00:30:24,CUST-4770
TXN-0038,3542.13,USD,COMPLETED,2024-01-04T10:42:46,CUST-1964
TXN-0039,4299.58,USD,COMPLETED,2024-01-02T12:35:55,CUST-2160
TXN-0040,1079.04,USD,COMPLETED,2024-01-24T13:32:55,CUST-3167
TXN-0041,4039.41,USD,COMPLETED,2024-01-23T23:03:12,CUST-4119
TXN-0042,1777.94,USD,COMPLETED,2024-01-21T22:12:39,CUST-7735
TXN-0043,3370.09,USD,COMPLETED,2024-01-03T15:06:50,CUST-2612
TXN-0044,4004.96,USD,COMPLETED,2024-01-17T11:18:58,CUST-2790
TXN-0045,2686.07,USD,COMPLETED,2024-01-10T05:36:33,CUST-3296
TXN-0046,2318.51,USD,COMPLETED,2024-01-14T12:31:43,CUST-2235
TXN-0047,262.44,USD,COMPLETED,2024-01-05T18:04:18,CUST-9856
TXN-0048,839.89,USD,COMPLETED,2024-01-12T11:24:07,CUST-8956
TXN-0049,4513.19,USD,COMPLETED,2024-01-20T11:14:44,CUST-3697
TXN-0050,1333.36,USD,COMPLETED,2024-01-19T22:52:27,CUST-8454
TXN-0051,3312.74,USD,COMPLETED,2024-01-27T23:31:01,CUST-8973
TXN-0052,1096.33,USD,COMPLETED,2024-01-15T09:41:22,CUST-1958
TXN-0053,295.25,USD,COMPLETED,2024-01-16T05:22:33,CUST-8811
TXN-0054,409.76,USD,COMPLETED,2024-01-25T15:39:47,CUST-4044
TXN-0055,3379.31,USD,COMPLETED,2024-01-04T07:10:48,CUST-4853
TXN-0056,1238.61,USD,COMPLETED,2024-01-28T15:43:11,CUST-1651
TXN-0057,2830.48,USD,COMPLETED,2024-01-29T08:01:39,CUST-6183
TXN-0058,1201.04,USD,COMPLETED,2024-01-16T06:03:02,CUST-7484
TXN-0059,2291.55,USD,COMPLETED,2024-01-15T13:31:18,CUST-2188
TXN-0060,4992.29,USD,COMPLETED,2024-01-31T03:42:10,CUST-2638
TXN-0061,2534.36,USD,COMPLETED,2024-01-11T08:20:33,CUST-3170
TXN-0062,1853.94,USD,COMPLETED,2024-01-12T20:36:43,CUST-3584
TXN-0063,3062.27,USD,COMPLETED,2024-01-15T16:27:28,CUST-9666
TXN-0064,1503.90,USD,COMPLETED,2024-01-27T22:09:30,CUST-2697
TXN-0065,4449.67,USD,COMPLETED,2024-01-06T14:29:02,CUST-3546
TXN-0066,1061.04,USD,COMPLETED,2024-01-30T08:40:40,CUST-6617
TXN-0067,4266.03,USD,COMPLETED,2024-01-31T18:56:26,CUST-9280
TXN-0068,470.57,USD,COMPLETED,2024-01-03T11:11:06,CUST-7939
TXN-0069,1674.45,USD,COMPLETED,2024-01-01T04:07:51,CUST-3143
TXN-0070,2762.89,USD,COMPLETED,2024-01-22T10:46:32,CUST-8007
TXN-0071,4725.80,USD,COMPLETED,2024-01-04T15:39:55,CUST-3442
TXN-0072,2767.10,USD,COMPLETED,2024-01-29T06:40:22,CUST-8041
TXN-0073,1829.61,USD,COMPLETED,2024-01-15T23:08:49,CUST-1653
TXN-0074,3338.00,USD,COMPLETED,2024-01-13T02:43:23,CUST-6794
TXN-0075,4629.56,USD,COMPLETED,2024-01-08T12:04:03,CUST-4878
TXN-0076,133.68,USD,COMPLETED,2024-01-21T00:21:28,CUST-6442
TXN-0077,1341.36,USD,COMPLETED,2024-01-13T01:08:08,CUST-2771
TXN-0078,1119.94,USD,COMPLETED,2024-01-23T20:23:37,CUST-8541
TXN-0079,1122.39,USD,COMPLETED,2024-01-12T01:10:04,CUST-4164
TXN-0080,4323.12,USD,COMPLETED,2024-01-14T12:35:45,CUST-5573
TXN-0081,2004.40,USD,COMPLETED,2024-01-25T17:30:02,CUST-9785
TXN-0082,4386.42,USD,COMPLETED,2024-01-06T14:22:58,CUST-5279
TXN-0083,200.90,USD,COMPLETED,2024-01-13T21:17:26,CUST-8119
TXN-0084,2187.61,USD,COMPLETED,2024-01-16T05:27:38,CUST-9379
TXN-0085,958.49,USD,COMPLETED,2024-01-28T23:46:25,CUST-1727
TXN-0086,4628.62,USD,COMPLETED,2024-01-26T05:45:03,CUST-9821
TXN-0087,359.17,USD,COMPLETED,2024-01-21T22:29:52,CUST-6409
TXN-0088,3601.57,USD,COMPLETED,2024-01-07T01:11:56,CUST-5920
TXN-0089,1637.65,USD,COMPLETED,2024-01-20T19:48:44,CUST-5844
TXN-0090,3328.00,USD,COMPLETED,2024-01-21T09:51:19,CUST-7211
TXN-0091,1511.74,USD,COMPLETED,2024-01-28T15:03:20,CUST-9977
TXN-0092,1058.81,USD,COMPLETED,2024-01-14T22:16:43,CUST-6279
TXN-0093,3381.38,USD,COMPLETED,2024-01-22T11:09:12,CUST-9375
TXN-0094,3297.67,USD,COMPLETED,2024-01-09T05:42:17,CUST-5649
TXN-0095,3367.25,USD,COMPLETED,2024-01-12T09:38:30,CUST-4680
TXN-0096,240.61,USD,COMPLETED,2024-01-02T04:27:27,CUST-8784
TXN-0097,4431.82,USD,COMPLETED,2024-01-21T02:51:31,CUST-4185
TXN-0098,1227.48,USD,COMPLETED,2024-01-20T09:37:45,CUST-1090
TXN-0099,1102.02,USD,COMPLETED,2024-01-21T15:19:52,CUST-9486
TXN-0100,1253.50,USD,COMPLETED,2024-01-28T01:25:29,CUST-2988
TXN-0101,3341.21,USD,COMPLETED,2024-01-23T13:20:54,CUST-6198
TXN-0102,2139.44,USD,COMPLETED,2024-01-25T12:06:33,CUST-9976
TXN-0103,2255.85,USD,COMPLETED,2024-01-24T01:02:08,CUST-5050
TXN-0104,2428.14,USD,COMPLETED,2024-01-26T07:21:29,CUST-4919
TXN-0105,3570.59,USD,COMPLETED,2024-01-04T18:16:28,CUST-4841
TXN-0106,4466.20,USD,COMPLETED,2024-01-16T12:29:19,CUST-2320
TXN-0107,1921.35,USD,COMPLETED,2024-01-12T05:26:20,CUST-3503
TXN-0108,2043.92,USD,COMPLETED,2024-01-21T03:21:22,CUST-9890
TXN-0109,1042.10,USD,COMPLETED,2024-01-04T00:32:41,CUST-7883
TXN-0110,4730.85,USD,COMPLETED,2024-01-29T08:30:06,CUST-1320
TXN-0111,4714.28,USD,COMPLETED,2024-01-01T06:52:09,CUST-5892
TXN-0112,3740.10,USD,COMPLETED,2024-01-27T03:04:20,CUST-9947
TXN-0113,1371.95,USD,COMPLETED,2024-01-11T15:38:41,CUST-8956
TXN-0114,3347.68,USD,COMPLETED,2024-01-17T07:37:09,CUST-7624
TXN-0115,4903.80,USD,COMPLETED,2024-01-07T04:41:49,CUST-9751
TXN-0116,2826.32,USD,COMPLETED,2024-01-29T17:36:18,CUST-1444
TXN-0117,687.14,USD,COMPLETED,2024-01-21T19:22:12,CUST-8564
TXN-0118,1901.73,USD,COMPLETED,2024-01-13T15:06:14,CUST-4467
TXN-0119,3808.54,USD,COMPLETED,2024-01-17T09:12:59,CUST-7211
TXN-0120,1268.83,USD,COMPLETED,2024-01-21T11:09:31,CUST-2341
TXN-0121,269.91,USD,COMPLETED,2024-01-27T04:28:07,CUST-6733
TXN-0122,3908.35,USD,COMPLETED,2024-01-04T07:56:46,CUST-1659
TXN-0123,4197.75,USD,COMPLETED,2024-01-10T16:16:19,CUST-3496
TXN-0124,3350.60,USD,COMPLETED,2024-01-23T23:44:19,CUST-4571
TXN-0125,3836.82,USD,COMPLETED,2024-01-13T10:32:43,CUST-3749
TXN-0126,4823.96,USD,COMPLETED,2024-01-08T22:48:03,CUST-2771
TXN-0127,3389.96,USD,COMPLETED,2024-01-28T22:51:06,CUST-7149
TXN-0128,389.22,USD,COMPLETED,2024-01-10T15:04:15,CUST-4978
TXN-0129,4252.96,USD,COMPLETED,2024-01-15T15:22:09,CUST-2983
TXN-0130,2147.61,USD,COMPLETED,2024-01-26T20:41:35,CUST-7071
TXN-0131,73.13,USD,COMPLETED,2024-01-17T13:33:47,CUST-7882
TXN-0132,4804.33,USD,COMPLETED,2024-01-22T01:05:28,CUST-8532
TXN-0133,3671.64,USD,COMPLETED,2024-01-09T13:12:51,CUST-5425
TXN-0134,4130.42,USD,COMPLETED,2024-01-22T03:28:51,CUST-5397
TXN-0135,1401.85,USD,COMPLETED,2024-01-05T04:58:10,CUST-8385
TXN-0136,2853.55,USD,COMPLETED,2024-01-23T13:25:28,CUST-7209
TXN-0137,4256.25,USD,COMPLETED,2024-01-24T23:54:31,CUST-3979
TXN-0138,3991.18,USD,COMPLETED,2024-01-18T05:24:03,CUST-6576
TXN-0139,2783.40,USD,COMPLETED,2024-01-14T09:52:34,CUST-9464
TXN-0140,3603.17,USD,COMPLETED,2024-01-12T17:12:00,CUST-9004
TXN-0141,3233.06,USD,COMPLETED,2024-01-24T02:41:19,CUST-9041
TXN-0142,1478.24,USD,COMPLETED,2024-01-05T12:24:54,CUST-7625
TXN-0143,1851.41,USD,COMPLETED,2024-01-29T05:33:40,CUST-9698
TXN-0144,1660.65,USD,COMPLETED,2024-01-27T17:14:56,CUST-8434
TXN-0145,1160.38,USD,COMPLETED,2024-01-13T04:54:23,CUST-4155
TXN-0146,4754.88,USD,COMPLETED,2024-01-27T00:19:36,CUST-4033
TXN-0147,1389.73,USD,COMPLETED,2024-01-24T12:07:56,CUST-9595
TXN-0148,1488.27,USD,COMPLETED,2024-01-10T10:09:48,CUST-6912
TXN-0149,3543.01,USD,COMPLETED,2024-01-01T16:29:02,CUST-3073
TXN-0150,2771.26,USD,COMPLETED,2024-01-03T15:31:38,CUST-3068
TXN-0151,2874.58,USD,COMPLETED,2024-01-01T14:17:24,CUST-8690
TXN-0152,929.97,USD,COMPLETED,2024-01-17T12:57:04,CUST-1841
TXN-0153,4112.36,USD,COMPLETED,2024-01-06T12:55:16,CUST-7565
TXN-0154,3150.93,USD,COMPLETED,2024-01-29T00:16:42,CUST-1878
TXN-0155,4746.14,USD,COMPLETED,2024-01-28T07:45:20,CUST-2395
TXN-0156,3824.57,USD,COMPLETED,2024-01-28T02:12:07,CUST-4697
TXN-0157,1493.79,USD,COMPLETED,2024-01-22T11:48:26,CUST-8025
TXN-0158,310.55,USD,COMPLETED,2024-01-31T03:32:57,CUST-2625
TXN-0159,1330.58,USD,COMPLETED,2024-01-11T05:51:43,CUST-2330
TXN-0160,2764.44,USD,COMPLETED,2024-01-09T10:30:26,CUST-3564
TXN-0161,3449.96,USD,COMPLETED,2024-01-22T20:52:29,CUST-8699
TXN-0162,1447.64,USD,COMPLETED,2024-01-12T05:41:21,CUST-5632
TXN-0163,4620.32,USD,COMPLETED,2024-01-12T07:57:30,CUST-4241
TXN-0164,1131.80,USD,COMPLETED,2024-01-27T10:27:40,CUST-3441
TXN-0165,307.59,USD,COMPLETED,2024-01-04T11:11:54,CUST-6039
TXN-0166,2348.80,USD,COMPLETED,2024-01-07T00:52:57,CUST-5982
TXN-0167,2704.51,USD,COMPLETED,2024-01-25T07:05:32,CUST-8172
TXN-0168,4448.22,USD,COMPLETED,2024-01-02T22:26:28,CUST-6280
TXN-0169,1152.33,USD,COMPLETED,2024-01-05T10:24:12,CUST-1339
TXN-0170,3817.91,USD,COMPLETED,2024-01-02T22:52:23,CUST-3870
TXN-0171,4581.20,USD,COMPLETED,2024-01-22T11:14:04,CUST-3973
TXN-0172,4845.59,USD,COMPLETED,2024-01-24T20:54:07,CUST-8700
TXN-0173,1612.08,USD,COMPLETED,2024-01-17T04:19:56,CUST-2713
TXN-0174,3471.43,USD,COMPLETED,2024-01-20T23:36:04,CUST-5722
TXN-0175,193.12,USD,COMPLETED,2024-01-27T16:54:32,CUST-2442
TXN-0176,588.45,USD,COMPLETED,2024-01-16T16:38:28,CUST-7622
TXN-0177,2315.26,USD,COMPLETED,2024-01-27T08:10:02,CUST-1888
TXN-0178,3116.94,USD,COMPLETED,2024-01-18T13:30:12,CUST-9167
TXN-0179,1025.76,USD,COMPLETED,2024-01-03T12:07:55,CUST-9998
TXN-0180,4405.42,USD,COMPLETED,2024-01-22T06:26:32,CUST-8941
TXN-0181,3048.27,USD,COMPLETED,2024-01-31T14:01:44,CUST-4920
TXN-0182,78.24,USD,COMPLETED,2024-01-27T17:46:26,CUST-7684
TXN-0183,2312.62,USD,COMPLETED,2024-01-06T12:11:30,CUST-2924
TXN-0184,2549.27,USD,COMPLETED,2024-01-15T04:02:36,CUST-5479
TXN-0185,1226.22,USD,COMPLETED,2024-01-23T22:10:33,CUST-3369
TXN-0186,2546.12,USD,COMPLETED,2024-01-30T02:19:31,CUST-3236
TXN-0187,1705.98,USD,COMPLETED,2024-01-21T03:26:34,CUST-9318
TXN-0188,3632.99,USD,COMPLETED,2024-01-14T17:31:52,CUST-9022
TXN-0189,2426.86,USD,COMPLETED,2024-01-27T03:29:30,CUST-6446
TXN-0190,4349.31,USD,COMPLETED,2024-01-16T14:53:52,CUST-4912
TXN-0191,227.80,USD,COMPLETED,2024-01-20T22:35:15,CUST-8749
TXN-0192,2481.69,USD,COMPLETED,2024-01-08T09:12:55,CUST-1606
TXN-0193,1666.65,USD,COMPLETED,2024-01-29T15:36:36,CUST-2644
TXN-0194,4553.10,USD,COMPLETED,2024-01-26T12:46:38,CUST-1251
TXN-0195,383.39,USD,COMPLETED,2024-01-08T11:50:37,CUST-5342
TXN-0196,3252.68,USD,COMPLETED,2024-01-20T07:06:05,CUST-6383
TXN-0197,3596.40,USD,COMPLETED,2024-01-31T10:16:26,CUST-8994
TXN-0198,1181.50,USD,COMPLETED,2024-01-04T07:42:57,CUST-5708
TXN-0199,2175.52,USD,COMPLETED,2024-01-05T09:17:58,CUST-2612
TXN-0200,3473.07,USD,COMPLETED,2024-01-09T01:49:44,CUST-1474
TXN-0201,1473.91,USD,COMPLETED,2024-01-03T17:23:01,CUST-7141
TXN-0202,2660.52,USD,COMPLETED,2024-01-12T20:30:38,CUST-3950
TXN-0203,3051.36,USD,COMPLETED,2024-01-04T20:00:17,CUST-7267
TXN-0204,724.16,USD,COMPLETED,2024-01-29T07:25:38,CUST-8555
TXN-0205,3337.54,USD,COMPLETED,2024-01-13T09:28:37,CUST-8622
TXN-0206,798.30,USD,COMPLETED,2024-01-27T12:49:58,CUST-8237
TXN-0207,3198.30,USD,COMPLETED,2024-01-15T12:32:23,CUST-7951
TXN-0208,1004.09,USD,COMPLETED,2024-01-15T15:59:50,CUST-7302
TXN-0209,1913.01,USD,COMPLETED,2024-01-12T12:21:52,CUST-6881
TXN-0210,119.48,USD,COMPLETED,2024-01-15T07:58:07,CUST-7484
TXN-0211,4326.69,USD,COMPLETED,2024-01-28T11:21:18,CUST-1803
TXN-0212,3039.25,USD,COMPLETED,2024-01-12T04:06:26,CUST-6772
TXN-0213,3108.25,USD,COMPLETED,2024-01-10T05:31:11,CUST-3240
TXN-0214,1551.58,USD,COMPLETED,2024-01-02T21:55:50,CUST-8222
TXN-0215,3664.48,USD,COMPLETED,2024-01-18T17:05:38,CUST-2476
TXN-0216,886.44,USD,COMPLETED,2024-01-21T04:05:46,CUST-3165
TXN-0217,4568.30,USD,COMPLETED,2024-01-25T08:37:59,CUST-3695
TXN-0218,3735.33,USD,COMPLETED,2024-01-15T07:51:52,CUST-6549
TXN-0219,712.38,USD,COMPLETED,2024-01-04T15:43:48,CUST-4696
TXN-0220,460.61,USD,COMPLETED,2024-01-18T18:09:31,CUST-7464
TXN-0221,626.71,USD,COMPLETED,2024-01-27T01:09:07,CUST-7038
TXN-0222,4113.86,USD,COMPLETED,2024-01-19T11:55:36,CUST-7086
TXN-0223,2362.67,USD,COMPLETED,2024-01-12T08:25:20,CUST-6374
TXN-0224,3180.67,USD,COMPLETED,2024-01-04T01:39:11,CUST-8606
TXN-0225,592.21,USD,COMPLETED,2024-01-20T19:41:56,CUST-1742
TXN-0226,589.44,USD,COMPLETED,2024-01-24T21:56:57,CUST-4846
TXN-0227,1861.35,USD,COMPLETED,2024-01-23T00:31:59,CUST-9850
TXN-0228,4428.21,USD,COMPLETED,2024-01-08T12:01:56,CUST-2622
TXN-0229,4695.87,USD,COMPLETED,2024-01-20T19:29:22,CUST-5583
TXN-0230,1094.18,USD,COMPLETED,2024-01-18T23:41:55,CUST-8285
TXN-0231,4904.83,USD,COMPLETED,2024-01-05T19:45:23,CUST-7018
TXN-0232,1386.65,USD,COMPLETED,2024-01-20T07:51:58,CUST-3001
TXN-0233,3212.11,USD,COMPLETED,2024-01-11T07:07:16,CUST-1349
TXN-0234,4944.22,USD,COMPLETED,2024-01-12T19:46:41,CUST-4362
TXN-0235,1043.72,USD,COMPLETED,2024-01-27T21:41:55,CUST-4538
TXN-0236,3945.33,USD,COMPLETED,2024-01-08T03:54:47,CUST-1046
TXN-0237,2705.68,USD,COMPLETED,2024-01-07T07:27:06,CUST-3858
TXN-0238,667.70,USD,COMPLETED,2024-01-02T06:02:09,CUST-6869
TXN-0239,88.75,USD,COMPLETED,2024-01-16T17:13:15,CUST-5347
TXN-0240,2635.17,USD,COMPLETED,2024-01-21T10:27:16,CUST-2041
TXN-0241,2571.06,USD,COMPLETED,2024-01-18T13:48:21,CUST-2786
TXN-0242,4727.62,USD,COMPLETED,2024-01-11T18:07:27,CUST-1710
TXN-0243,313.52,USD,COMPLETED,2024-01-02T12:17:35,CUST-8847
TXN-0244,2456.44,USD,COMPLETED,2024-01-06T05:47:04,CUST-8267
TXN-0245,3045.40,USD,COMPLETED,2024-01-16T15:17:14,CUST-2076
TXN-0246,3169.05,USD,COMPLETED,2024-01-31T07:22:57,CUST-9984
TXN-0247,2657.48,USD,COMPLETED,2024-01-30T00:00:43,CUST-8433
TXN-0248,4265.44,USD,COMPLETED,2024-01-06T13:18:07,CUST-4522
TXN-0249,2074.93,USD,COMPLETED,2024-01-12T02:12:51,CUST-8430
TXN-0250,1569.62,USD,COMPLETED,2024-01-05T14:46:58,CUST-6120
TXN-0251,3437.24,USD,COMPLETED,2024-01-08T09:50:14,CUST-8770
TXN-0252,475.22,USD,COMPLETED,2024-01-05T03:27:24,CUST-2582
TXN-0253,309.31,USD,COMPLETED,2024-01-28T00:13:08,CUST-6400
TXN-0254,4369.30,USD,COMPLETED,2024-01-18T03:58:17,CUST-7929
TXN-0255,1569.12,USD,COMPLETED,2024-01-30T03:31:42,CUST-2697
TXN-0256,1128.98,USD,COMPLETED,2024-01-24T09:47:28,CUST-2773
TXN-0257,583.28,USD,COMPLETED,2024-01-18T20:14:22,CUST-5564
TXN-0258,4872.99,USD,COMPLETED,2024-01-28T05:34:20,CUST-1430
TXN-0259,1373.62,USD,COMPLETED,2024-01-09T18:11:59,CUST-6062
TXN-0260,915.21,USD,COMPLETED,2024-01-01T07:06:49,CUST-3347
TXN-0261,3707.44,USD,COMPLETED,2024-01-07T21:17:45,CUST-1502
TXN-0262,1083.51,USD,COMPLETED,2024-01-26T18:03:25,CUST-7878
TXN-0263,1856.56,USD,COMPLETED,2024-01-08T15:23:42,CUST-6314
TXN-0264,795.48,USD,COMPLETED,2024-01-08T13:15:49,CUST-1815
TXN-0265,3313.07,USD,COMPLETED,2024-01-22T12:15:50,CUST-8957
TXN-0266,1085.69,USD,COMPLETED,2024-01-14T06:15:44,CUST-9394
TXN-0267,563.34,USD,COMPLETED,2024-01-21T20:53:08,CUST-8972
TXN-0268,1982.36,USD,COMPLETED,2024-01-11T16:55:21,CUST-1897
TXN-0269,4727.17,USD,COMPLETED,2024-01-15T15:10:44,CUST-3248
TXN-0270,608.72,USD,COMPLETED,2024-01-16T22:17:24,CUST-9149
TXN-0271,1907.24,USD,COMPLETED,2024-01-07T06:30:44,CUST-4770
TXN-0272,4310.20,USD,COMPLETED,2024-01-20T06:37:17,CUST-1693
TXN-0273,4606.60,USD,COMPLETED,2024-01-23T07:39:09,CUST-6129
TXN-0274,3550.40,USD,COMPLETED,2024-01-20T15:11:12,CUST-7843
TXN-0275,114.07,USD,COMPLETED,2024-01-20T15:53:48,CUST-6321
TXN-0276,4161.81,USD,COMPLETED,2024-01-23T08:03:06,CUST-6928
TXN-0277,1224.15,USD,COMPLETED,2024-01-06T03:20:22,CUST-7560
TXN-0278,3731.57,USD,COMPLETED,2024-01-16T01:29:45,CUST-4630
TXN-0279,391.13,USD,COMPLETED,2024-01-09T03:53:19,CUST-2868
TXN-0280,1761.99,USD,COMPLETED,2024-01-17T23:03:06,CUST-3419
TXN-0281,1287.28,USD,COMPLETED,2024-01-08T02:37:11,CUST-3842
TXN-0282,893.96,USD,COMPLETED,2024-01-04T15:47:34,CUST-9095
TXN-0283,3801.79,USD,COMPLETED,2024-01-28T08:47:57,CUST-8354
TXN-0284,763.28,USD,COMPLETED,2024-01-16T08:19:42,CUST-2118
TXN-0285,1521.07,USD,COMPLETED,2024-01-31T15:37:01,CUST-5500
TXN-0286,380.21,USD,COMPLETED,2024-01-25T15:05:25,CUST-8565
TXN-0287,1850.00,USD,COMPLETED,2024-01-03T18:16:54,CUST-5703
TXN-0288,3078.89,USD,COMPLETED,2024-01-05T09:12:10,CUST-9307
TXN-0289,2776.04,USD,COMPLETED,2024-01-29T04:07:57,CUST-1672
TXN-0290,1614.42,USD,COMPLETED,2024-01-10T03:18:53,CUST-8792
TXN-0291,526.47,USD,COMPLETED,2024-01-22T20:53:50,CUST-6626
TXN-0292,205.32,USD,COMPLETED,2024-01-09T09:02:44,CUST-8172
TXN-0293,3052.93,USD,COMPLETED,2024-01-26T09:02:44,CUST-6962
TXN-0294,2049.76,USD,COMPLETED,2024-01-19T19:22:22,CUST-6543
TXN-0295,338.90,USD,COMPLETED,2024-01-17T05:53:41,CUST-2548
TXN-0296,3621.43,USD,COMPLETED,2024-01-13T05:35:46,CUST-3463
TXN-0297,3321.42,USD,COMPLETED,2024-01-29T06:56:26,CUST-6731
TXN-0298,653.47,USD,COMPLETED,2024-01-20T00:39:50,CUST-2388
TXN-0299,3221.03,USD,COMPLETED,2024-01-19T06:51:47,CUST-6381
TXN-0300,476.33,USD,COMPLETED,2024-01-26T13:17:33,CUST-7937
TXN-0301,1551.24,USD,COMPLETED,2024-01-18T14:27:24,CUST-4509
TXN-0302,968.11,USD,COMPLETED,2024-01-24T14:32:48,CUST-3253
TXN-0303,4223.70,USD,COMPLETED,2024-01-15T08:37:21,CUST-2657
TXN-0304,4383.20,USD,COMPLETED,2024-01-17T08:21:32,CUST-3147
TXN-0305,912.42,USD,COMPLETED,2024-01-08T21:01:54,CUST-3712
TXN-0306,1827.85,USD,COMPLETED,2024-01-20T22:41:05,CUST-4891
TXN-0307,3764.43,USD,COMPLETED,2024-01-14T19:57:54,CUST-8355
TXN-0308,1554.24,USD,COMPLETED,2024-01-12T14:39:05,CUST-8684
TXN-0309,4922.35,USD,COMPLETED,2024-01-28T16:35:12,CUST-8564
TXN-0310,2519.50,USD,COMPLETED,2024-01-19T12:54:49,CUST-7859
TXN-0311,700.61,USD,COMPLETED,2024-01-30T08:29:02,CUST-5096
TXN-0312,4371.84,USD,COMPLETED,2024-01-24T07:55:43,CUST-2680
TXN-0313,3817.95,USD,COMPLETED,2024-01-05T01:43:17,CUST-5469
TXN-0314,4156.92,USD,COMPLETED,2024-01-08T03:40:25,CUST-2502
TXN-0315,4653.05,USD,COMPLETED,2024-01-17T23:17:46,CUST-7797
TXN-0316,1876.07,USD,COMPLETED,2024-01-25T08:52:50,CUST-7326
TXN-0317,150.66,USD,COMPLETED,2024-01-11T21:36:23,CUST-2623
TXN-0318,201.13,USD,COMPLETED,2024-01-07T16:18:54,CUST-8740
TXN-0319,2248.52,USD,COMPLETED,2024-01-23T18:33:10,CUST-1086
TXN-0320,1086.12,USD,COMPLETED,2024-01-13T10:10:22,CUST-3449
TXN-0321,1195.82,USD,COMPLETED,2024-01-14T23:39:45,CUST-2996
TXN-0322,3198.37,USD,COMPLETED,2024-01-21T09:07:55,CUST-8489
TXN-0323,2987.73,USD,COMPLETED,2024-01-25T06:20:35,CUST-1269
TXN-0324,1463.45,USD,COMPLETED,2024-01-07T23:16:44,CUST-1025
TXN-0325,2088.67,USD,COMPLETED,2024-01-28T16:52:17,CUST-2402
TXN-0326,2724.97,USD,COMPLETED,2024-01-26T12:54:13,CUST-9316
TXN-0327,227.24,USD,COMPLETED,2024-01-23T19:44:49,CUST-7338
TXN-0328,1791.90,USD,COMPLETED,2024-01-01T18:55:24,CUST-2106
TXN-0329,527.28,USD,COMPLETED,2024-01-31T11:58:20,CUST-6447
TXN-0330,2734.61,USD,COMPLETED,2024-01-18T02:27:29,CUST-3868
TXN-0331,3162.36,USD,COMPLETED,2024-01-24T05:31:45,CUST-3209
TXN-0332,194.55,USD,COMPLETED,2024-01-23T05:14:07,CUST-4302
TXN-0333,1584.82,USD,COMPLETED,2024-01-03T00:49:26,CUST-6080
TXN-0334,1274.04,USD,COMPLETED,2024-01-23T23:33:02,CUST-4131
TXN-0335,4330.33,USD,COMPLETED,2024-01-03T07:41:44,CUST-6438
TXN-0336,2190.39,USD,COMPLETED,2024-01-18T20:46:24,CUST-7553
TXN-0337,4868.88,USD,COMPLETED,2024-01-17T11:00:22,CUST-9129
TXN-0338,1340.94,USD,COMPLETED,2024-01-26T05:00:00,CUST-2353
TXN-0339,3016.24,USD,COMPLETED,2024-01-21T21:41:37,CUST-3956
TXN-0340,409.54,USD,COMPLETED,2024-01-05T23:32:06,CUST-5843
TXN-0341,3591.14,USD,COMPLETED,2024-01-30T06:06:18,CUST-3730
TXN-0342,221.35,USD,COMPLETED,2024-01-22T16:56:37,CUST-6776
TXN-0343,384.46,USD,COMPLETED,2024-01-03T18:49:37,CUST-7655
TXN-0344,4764.42,USD,COMPLETED,2024-01-08T18:23:52,CUST-3339
TXN-0345,345.49,USD,COMPLETED,2024-01-07T03:04:07,CUST-7001
TXN-0346,171.60,USD,COMPLETED,2024-01-28T12:53:16,CUST-3513
TXN-0347,2225.26,USD,COMPLETED,2024-01-19T01:25:37,CUST-2259
TXN-0348,1996.19,USD,COMPLETED,2024-01-18T19:31:39,CUST-5566
TXN-0349,3681.02,USD,COMPLETED,2024-01-02T06:11:28,CUST-9176
TXN-0350,1316.27,USD,COMPLETED,2024-01-06T17:12:05,CUST-5264
TXN-0351,1435.03,USD,COMPLETED,2024-01-30T16:53:18,CUST-9047
TXN-0352,4265.60,USD,COMPLETED,2024-01-07T14:08:06,CUST-8406
TXN-0353,4986.34,USD,COMPLETED,2024-01-22T14:35:31,CUST-6236
TXN-0354,2754.49,USD,COMPLETED,2024-01-04T03:39:34,CUST-5757
TXN-0355,878.71,USD,COMPLETED,2024-01-31T22:58:27,CUST-6922
TXN-0356,3962.41,USD,COMPLETED,2024-01-10T18:09:32,CUST-4878
TXN-0357,2774.57,USD,COMPLETED,2024-01-18T12:28:29,CUST-7044
TXN-0358,3063.62,USD,COMPLETED,2024-01-07T07:11:39,CUST-2412
TXN-0359,4997.98,USD,COMPLETED,2024-01-20T07:53:23,CUST-8842
TXN-0360,4118.46,USD,COMPLETED,2024-01-20T21:01:28,CUST-2208
TXN-0361,2255.37,USD,COMPLETED,2024-01-04T14:24:30,CUST-9476
TXN-0362,3202.57,USD,COMPLETED,2024-01-27T18:18:54,CUST-3981
TXN-0363,4554.45,USD,COMPLETED,2024-01-25T09:52:43,CUST-1907
TXN-0364,1527.58,USD,COMPLETED,2024-01-08T10:16:33,CUST-3653
TXN-0365,1736.66,USD,COMPLETED,2024-01-11T22:41:30,CUST-9501
TXN-0366,989.55,USD,COMPLETED,2024-01-13T03:58:34,CUST-5496
TXN-0367,3076.00,USD,COMPLETED,2024-01-15T16:48:58,CUST-2530
TXN-0368,779.43,USD,COMPLETED,2024-01-29T04:30:07,CUST-6531
TXN-0369,236.85,USD,COMPLETED,2024-01-04T22:37:53,CUST-5336
TXN-0370,2088.77,USD,COMPLETED,2024-01-28T18:35:17,CUST-1496
TXN-0371,1455.46,USD,COMPLETED,2024-01-27T11:38:37,CUST-5949
TXN-0372,1494.20,USD,COMPLETED,2024-01-20T17:07:55,CUST-2195
TXN-0373,2083.95,USD,COMPLETED,2024-01-22T08:10:39,CUST-8609
TXN-0374,726.91,USD,COMPLETED,2024-01-30T10:48:37,CUST-6231
TXN-0375,3805.72,USD,COMPLETED,2024-01-07T08:21:12,CUST-9437
TXN-0376,2337.70,USD,COMPLETED,2024-01-12T17:38:42,CUST-5382
TXN-0377,493.09,USD,COMPLETED,2024-01-07T20:08:03,CUST-5754
TXN-0378,1248.87,USD,COMPLETED,2024-01-21T07:09:44,CUST-3616
TXN-0379,957.27,USD,COMPLETED,2024-01-16T04:20:21,CUST-3610
TXN-0380,2498.81,USD,COMPLETED,2024-01-23T15:52:44,CUST-6055
TXN-0381,4726.71,USD,COMPLETED,2024-01-05T08:54:53,CUST-9281
TXN-0382,2920.89,USD,COMPLETED,2024-01-11T10:39:41,CUST-1797
TXN-0383,2991.62,USD,COMPLETED,2024-01-25T00:35:36,CUST-8710
TXN-0384,4237.39,USD,COMPLETED,2024-01-01T09:31:38,CUST-8060
TXN-0385,3821.65,USD,COMPLETED,2024-01-18T18:09:42,CUST-6995
TXN-0386,2855.71,USD,COMPLETED,2024-01-03T11:36:10,CUST-4189
TXN-0387,376.92,USD,COMPLETED,2024-01-15T00:14:43,CUST-9261
TXN-0388,1405.81,USD,COMPLETED,2024-01-27T16:37:47,CUST-2946
TXN-0389,1872.26,USD,COMPLETED,2024-01-20T02:55:51,CUST-6555
TXN-0390,1003.30,USD,COMPLETED,2024-01-08T00:05:01,CUST-9341
TXN-0391,236.06,USD,COMPLETED,2024-01-02T22:54:01,CUST-3245
TXN-0392,2290.37,USD,COMPLETED,2024-01-26T05:03:59,CUST-9446
TXN-0393,1599.46,USD,COMPLETED,2024-01-30T18:16:34,CUST-7438
TXN-0394,2541.50,USD,COMPLETED,2024-01-17T07:54:12,CUST-9351
TXN-0395,1505.95,USD,COMPLETED,2024-01-28T07:51:15,CUST-1272
TXN-0396,4899.69,USD,COMPLETED,2024-01-06T07:41:54,CUST-6040
TXN-0397,1335.00,USD,COMPLETED,2024-01-24T00:56:15,CUST-4728
TXN-0398,860.86,USD,COMPLETED,2024-01-24T07:45:48,CUST-7229
TXN-0399,167.54,USD,COMPLETED,2024-01-12T18:10:46,CUST-2800
TXN-0400,1575.33,USD,COMPLETED,2024-01-22T09:50:49,CUST-3481
TXN-0401,2057.78,USD,COMPLETED,2024-01-10T21:33:03,CUST-8726
TXN-0402,2598.23,USD,COMPLETED,2024-01-07T16:52:39,CUST-6325
TXN-0403,1575.63,USD,COMPLETED,2024-01-19T07:01:57,CUST-3837
TXN-0404,2735.90,USD,COMPLETED,2024-01-17T14:50:23,CUST-5331
TXN-0405,1402.24,USD,COMPLETED,2024-01-12T23:12:56,CUST-5890
TXN-0406,3527.46,USD,COMPLETED,2024-01-15T00:42:51,CUST-9011
TXN-0407,2806.83,USD,COMPLETED,2024-01-17T22:23:06,CUST-5480
TXN-0408,3386.35,USD,COMPLETED,2024-01-28T20:08:56,CUST-7220
TXN-0409,1459.36,USD,COMPLETED,2024-01-08T02:39:25,CUST-5712
TXN-0410,3283.30,USD,COMPLETED,2024-01-22T11:24:19,CUST-8849
TXN-0411,1362.95,USD,COMPLETED,2024-01-27T03:29:19,CUST-5450
TXN-0412,3707.05,USD,COMPLETED,2024-01-30T21:18:56,CUST-4920
TXN-0413,1136.10,USD,COMPLETED,2024-01-26T18:42:29,CUST-4814
TXN-0414,1658.17,USD,COMPLETED,2024-01-21T01:31:51,CUST-8739
TXN-0415,35.86,USD,COMPLETED,2024-01-07T16:09:38,CUST-3587
TXN-0416,2392.47,USD,COMPLETED,2024-01-24T02:13:48,CUST-4267
TXN-0417,3233.03,USD,COMPLETED,2024-01-14T20:31:58,CUST-2465
TXN-0418,4567.02,USD,COMPLETED,2024-01-02T19:27:20,CUST-3868
TXN-0419,4985.89,USD,COMPLETED,2024-01-02T18:20:20,CUST-7504
TXN-0420,4384.95,USD,COMPLETED,2024-01-15T01:15:12,CUST-1151
TXN-0421,545.43,USD,COMPLETED,2024-01-30T06:17:35,CUST-6489
TXN-0422,2626.35,USD,COMPLETED,2024-01-27T08:59:27,CUST-3198
TXN-0423,4045.98,USD,COMPLETED,2024-01-10T08:38:29,CUST-6417
TXN-0424,3244.94,USD,COMPLETED,2024-01-23T06:40:26,CUST-4050
TXN-0425,3955.93,USD,COMPLETED,2024-01-17T08:45:50,CUST-4164
TXN-0426,4136.68,USD,COMPLETED,2024-01-20T16:25:49,CUST-9442
TXN-0427,3349.59,USD,COMPLETED,2024-01-20T11:00:16,CUST-4027
TXN-0428,4679.77,USD,COMPLETED,2024-01-16T17:01:23,CUST-1111
TXN-0429,2239.21,USD,COMPLETED,2024-01-12T10:24:07,CUST-5374
TXN-0430,3617.18,USD,COMPLETED,2024-01-29T06:36:57,CUST-1187
TXN-0431,3466.92,USD,COMPLETED,2024-01-18T10:54:30,CUST-2017
TXN-0432,806.99,USD,COMPLETED,2024-01-15T21:27:19,CUST-9233
TXN-0433,3197.17,USD,COMPLETED,2024-01-06T16:47:57,CUST-5833
TXN-0434,1103.45,USD,COMPLETED,2024-01-11T17:18:28,CUST-3188
TXN-0435,3741.20,USD,COMPLETED,2024-01-23T02:05:18,CUST-7121
TXN-0436,4564.86,USD,COMPLETED,2024-01-27T15:54:16,CUST-9806
TXN-0437,3404.91,USD,COMPLETED,2024-01-13T00:19:05,CUST-2341
TXN-0438,399.73,USD,COMPLETED,2024-01-18T13:30:35,CUST-2838
TXN-0439,1018.76,USD,COMPLETED,2024-01-25T12:56:06,CUST-9792
TXN-0440,4273.89,USD,COMPLETED,2024-01-16T22:17:05,CUST-8239
TXN-0441,3587.42,USD,COMPLETED,2024-01-10T23:18:36,CUST-9008
TXN-0442,4045.37,USD,COMPLETED,2024-01-22T15:01:29,CUST-8429
TXN-0443,2289.42,USD,COMPLETED,2024-01-21T04:00:16,CUST-1945
TXN-0444,3619.17,USD,COMPLETED,2024-01-15T23:02:36,CUST-7487
TXN-0445,2895.77,USD,COMPLETED,2024-01-11T13:52:24,CUST-1742
TXN-0446,2710.41,USD,COMPLETED,2024-01-04T02:17:08,CUST-1987
TXN-0447,1442.58,USD,COMPLETED,2024-01-02T12:58:25,CUST-3948
TXN-0448,1878.56,USD,COMPLETED,2024-01-21T09:45:25,CUST-7266
TXN-0449,410.45,USD,COMPLETED,2024-01-19T05:39:31,CUST-9835
TXN-0450,601.98,USD,COMPLETED,2024-01-17T21:10:52,CUST-9802
TXN-0451,3642.01,USD,COMPLETED,2024-01-07T04:22:12,CUST-4648
TXN-0452,4892.67,USD,COMPLETED,2024-01-02T02:29:18,CUST-8585
TXN-0453,4118.57,USD,COMPLETED,2024-01-19T09:53:20,CUST-5055
TXN-0454,1385.49,USD,COMPLETED,2024-01-08T12:43:46,CUST-2848
TXN-0455,3078.47,USD,COMPLETED,2024-01-21T08:27:02,CUST-1256
TXN-0456,513.47,USD,COMPLETED,2024-01-04T06:23:58,CUST-1550
TXN-0457,1231.22,USD,COMPLETED,2024-01-03T08:42:43,CUST-1724
TXN-0458,2703.40,USD,COMPLETED,2024-01-12T09:01:30,CUST-1924
TXN-0459,1178.47,USD,COMPLETED,2024-01-15T01:00:58,CUST-6224
TXN-0460,4382.53,USD,COMPLETED,2024-01-15T15:34:51,CUST-9540
TXN-0461,1383.02,USD,COMPLETED,2024-01-15T14:06:32,CUST-3869
TXN-0462,243.95,USD,COMPLETED,2024-01-25T01:26:24,CUST-6642
TXN-0463,3484.58,USD,COMPLETED,2024-01-16T11:21:09,CUST-7688
TXN-0464,927.56,USD,COMPLETED,2024-01-19T06:36:28,CUST-9813
TXN-0465,1510.67,USD,COMPLETED,2024-01-11T22:32:43,CUST-3365
TXN-0466,2069.26,USD,COMPLETED,2024-01-28T07:13:37,CUST-7824
TXN-0467,1282.43,USD,COMPLETED,2024-01-12T18:57:02,CUST-6411
TXN-0468,471.40,USD,COMPLETED,2024-01-19T00:20:11,CUST-4120
TXN-0469,3371.62,USD,COMPLETED,2024-01-19T07:25:57,CUST-1647
TXN-0470,3624.28,USD,COMPLETED,2024-01-29T12:35:04,CUST-4555
TXN-0471,1522.91,USD,COMPLETED,2024-01-17T03:55:53,CUST-1251
TXN-0472,3736.93,USD,COMPLETED,2024-01-06T16:40:59,CUST-8846
TXN-0473,3521.81,USD,COMPLETED,2024-01-30T08:10:43,CUST-7498
TXN-0474,3879.81,USD,COMPLETED,2024-01-16T14:42:31,CUST-7236
TXN-0475,1549.03,USD,COMPLETED,2024-01-18T10:34:03,CUST-6892
TXN-0476,4016.05,USD,COMPLETED,2024-01-05T18:53:12,CUST-8692
TXN-0477,1571.48,USD,COMPLETED,2024-01-18T23:54:09,CUST-1749
TXN-0478,90.94,USD,COMPLETED,2024-01-08T02:00:44,CUST-7841
TXN-0479,1656.03,USD,COMPLETED,2024-01-10T12:34:47,CUST-7223
TXN-0480,3276.49,USD,COMPLETED,2024-01-27T17:32:42,CUST-6530
TXN-0481,4832.88,USD,COMPLETED,2024-01-24T17:17:05,CUST-9037
TXN-0482,854.64,USD,COMPLETED,2024-01-18T02:18:53,CUST-9954
TXN-0483,4951.71,USD,COMPLETED,2024-01-27T07:38:06,CUST-1962
TXN-0484,3824.05,USD,COMPLETED,2024-01-03T08:31:24,CUST-7756
TXN-0485,349.16,USD,COMPLETED,2024-01-12T05:38:22,CUST-3474
TXN-0486,2285.49,USD,COMPLETED,2024-01-25T13:13:17,CUST-1990
TXN-0487,88.50,USD,COMPLETED,2024-01-24T16:23:29,CUST-9719
TXN-0488,2651.79,USD,COMPLETED,2024-01-01T19:29:14,CUST-5501
TXN-0489,4067.65,USD,COMPLETED,2024-01-25T09:07:26,CUST-8054
TXN-0490,2626.68,USD,COMPLETED,2024-01-05T16:12:49,CUST-4948
TXN-0491,1269.57,USD,COMPLETED,2024-01-26T13:21:56,CUST-6807
TXN-0492,1871.53,USD,COMPLETED,2024-01-04T20:03:50,CUST-7652
TXN-0493,4951.26,USD,COMPLETED,2024-01-12T19:21:27,CUST-4700
TXN-0494,3272.14,USD,COMPLETED,2024-01-04T21:55:31,CUST-1519
TXN-0495,1892.08,USD,COMPLETED,2024-01-19T09:52:28,CUST-8798
TXN-0496,3517.20,USD,COMPLETED,2024-01-01T11:00:36,CUST-2354
TXN-0497,2833.62,USD,COMPLETED,2024-01-17T01:57:29,CUST-2562
TXN-0498,4507.35,USD,COMPLETED,2024-01-11T06:19:07,CUST-8790
TXN-0499,3425.30,USD,COMPLETED,2024-01-04T14:37:18,CUST-5593
TXN-0500,88.13,USD,COMPLETED,2024-01-16T06:24:04,CUST-4394
TXN-0501,4645.09,USD,COMPLETED,2024-01-20T08:02:54,CUST-5903
TXN-0502,2837.81,USD,COMPLETED,2024-01-12T16:10:13,CUST-7375
TXN-0503,3954.59,USD,COMPLETED,2024-01-07T19:03:15,CUST-2284
TXN-0504,2191.07,USD,COMPLETED,2024-01-05T17:48:43,CUST-2245
TXN-0505,4774.74,USD,COMPLETED,2024-01-30T19:12:17,CUST-7499
TXN-0506,1373.90,USD,COMPLETED,2024-01-31T18:48:24,CUST-8381
TXN-0507,2769.66,USD,COMPLETED,2024-01-18T06:33:00,CUST-7150
TXN-0508,3306.75,USD,COMPLETED,2024-01-29T10:35:38,CUST-2404
TXN-0509,419.37,USD,COMPLETED,2024-01-04T13:38:29,CUST-3526
TXN-0510,779.84,USD,COMPLETED,2024-01-31T18:32:53,CUST-7383
TXN-0511,466.69,USD,COMPLETED,2024-01-06T04:08:26,CUST-6050
TXN-0512,520.13,USD,COMPLETED,2024-01-14T02:18:02,CUST-2430
TXN-0513,2789.36,USD,COMPLETED,2024-01-22T18:56:26,CUST-9395
TXN-0514,457.20,USD,COMPLETED,2024-01-02T06:35:50,CUST-2524
TXN-0515,1466.32,USD,COMPLETED,2024-01-01T14:22:40,CUST-7353
TXN-0516,4526.99,USD,COMPLETED,2024-01-28T03:54:26,CUST-4977
TXN-0517,855.81,USD,COMPLETED,2024-01-19T11:35:05,CUST-5405
TXN-0518,738.21,USD,COMPLETED,2024-01-24T22:31:51,CUST-3739
TXN-0519,1505.76,USD,COMPLETED,2024-01-21T10:37:11,CUST-2260
TXN-0520,3607.29,USD,COMPLETED,2024-01-12T23:17:53,CUST-9123
TXN-0521,686.09,USD,COMPLETED,2024-01-06T04:37:54,CUST-1110
TXN-0522,1905.65,USD,COMPLETED,2024-01-31T02:34:34,CUST-6399
TXN-0523,4079.22,USD,COMPLETED,2024-01-21T21:42:15,CUST-3230
TXN-0524,4736.92,USD,COMPLETED,2024-01-30T06:47:31,CUST-4290
TXN-0525,4823.23,USD,COMPLETED,2024-01-09T14:57:44,CUST-6228
TXN-0526,2460.13,USD,COMPLETED,2024-01-31T17:23:05,CUST-4971
TXN-0527,4084.31,USD,COMPLETED,2024-01-14T14:34:24,CUST-7437
TXN-0528,1007.00,USD,COMPLETED,2024-01-28T08:56:00,CUST-9939
TXN-0529,144.31,USD,COMPLETED,2024-01-27T16:54:43,CUST-8563
TXN-0530,4158.10,USD,COMPLETED,2024-01-15T03:25:31,CUST-2133
TXN-0531,704.50,USD,COMPLETED,2024-01-25T05:43:49,CUST-5961
TXN-0532,3579.03,USD,COMPLETED,2024-01-08T11:35:23,CUST-7176
TXN-0533,2401.38,USD,COMPLETED,2024-01-30T00:38:36,CUST-7566
TXN-0534,3955.70,USD,COMPLETED,2024-01-02T18:50:04,CUST-6890
TXN-0535,3291.43,USD,COMPLETED,2024-01-13T01:12:36,CUST-6816
TXN-0536,231.04,USD,COMPLETED,2024-01-30T17:49:17,CUST-7547
TXN-0537,62.63,USD,COMPLETED,2024-01-06T03:26:03,CUST-5239
TXN-0538,2794.39,USD,COMPLETED,2024-01-26T04:26:35,CUST-4621
TXN-0539,2320.69,USD,COMPLETED,2024-01-19T23:42:15,CUST-9199
TXN-0540,2419.03,USD,COMPLETED,2024-01-02T04:37:03,CUST-5840
TXN-0541,4158.28,USD,COMPLETED,2024-01-06T15:13:50,CUST-3321
TXN-0542,2282.11,USD,COMPLETED,2024-01-17T15:42:05,CUST-4389
TXN-0543,497.14,USD,COMPLETED,2024-01-24T02:46:10,CUST-8412
TXN-0544,232.97,USD,COMPLETED,2024-01-15T13:49:58,CUST-2885
TXN-0545,3388.93,USD,COMPLETED,2024-01-06T07:25:00,CUST-3692
TXN-0546,2764.03,USD,COMPLETED,2024-01-09T11:15:09,CUST-6422
TXN-0547,3990.80,USD,COMPLETED,2024-01-12T06:07:52,CUST-4022
TXN-0548,1983.96,USD,COMPLETED,2024-01-21T23:28:23,CUST-4232
TXN-0549,1950.29,USD,COMPLETED,2024-01-21T20:27:55,CUST-4519
TXN-0550,2890.97,USD,COMPLETED,2024-01-04T00:53:31,CUST-9796
TXN-0551,993.40,USD,COMPLETED,2024-01-16T19:47:59,CUST-2867
TXN-0552,2643.30,USD,COMPLETED,2024-01-24T18:17:24,CUST-6134
TXN-0553,2939.15,USD,COMPLETED,2024-01-20T01:20:48,CUST-6700
TXN-0554,870.91,USD,COMPLETED,2024-01-30T23:16:46,CUST-5873
TXN-0555,1572.80,USD,COMPLETED,2024-01-07T12:03:37,CUST-4908
TXN-0556,1872.80,USD,COMPLETED,2024-01-09T21:15:44,CUST-3316
TXN-0557,697.96,USD,COMPLETED,2024-01-29T22:53:11,CUST-7286
TXN-0558,3181.15,USD,COMPLETED,2024-01-24T15:00:42,CUST-3838
TXN-0559,710.08,USD,COMPLETED,2024-01-15T00:31:00,CUST-6154
TXN-0560,4328.96,USD,COMPLETED,2024-01-03T14:27:41,CUST-1157
TXN-0561,4077.93,USD,COMPLETED,2024-01-10T11:20:28,CUST-9281
TXN-0562,2084.00,USD,COMPLETED,2024-01-24T20:54:07,CUST-8272
TXN-0563,2831.34,USD,COMPLETED,2024-01-05T00:19:05,CUST-4613
TXN-0564,1131.97,USD,COMPLETED,2024-01-14T08:13:36,CUST-5729
TXN-0565,2832.60,USD,COMPLETED,2024-01-23T04:49:04,CUST-9115
TXN-0566,1346.77,USD,COMPLETED,2024-01-06T13:03:37,CUST-9898
TXN-0567,3802.42,USD,COMPLETED,2024-01-03T00:28:47,CUST-8231
TXN-0568,3682.58,USD,COMPLETED,2024-01-05T23:19:25,CUST-5055
TXN-0569,1321.45,USD,COMPLETED,2024-01-22T19:58:34,CUST-2425
TXN-0570,1057.29,USD,COMPLETED,2024-01-12T12:03:43,CUST-6744
TXN-0571,704.78,USD,COMPLETED,2024-01-30T21:52:05,CUST-4385
TXN-0572,1760.57,USD,COMPLETED,2024-01-28T16:11:05,CUST-5605
TXN-0573,1453.77,USD,COMPLETED,2024-01-15T04:56:38,CUST-5380
TXN-0574,4594.66,USD,COMPLETED,2024-01-20T23:32:39,CUST-5543
TXN-0575,1255.89,USD,COMPLETED,2024-01-07T10:35:45,CUST-6277
TXN-0576,2452.40,USD,COMPLETED,2024-01-20T01:31:46,CUST-5402
TXN-0577,386.83,USD,COMPLETED,2024-01-22T22:36:30,CUST-2525
TXN-0578,3476.57,USD,COMPLETED,2024-01-14T12:09:23,CUST-7046
TXN-0579,2913.96,USD,COMPLETED,2024-01-16T21:19:10,CUST-2526
TXN-0580,4252.03,USD,COMPLETED,2024-01-18T09:21:35,CUST-9756
TXN-0581,4125.99,USD,COMPLETED,2024-01-21T20:34:13,CUST-9105
TXN-0582,1695.40,USD,COMPLETED,2024-01-14T18:24:35,CUST-3139
TXN-0583,239.26,USD,COMPLETED,2024-01-03T08:24:03,CUST-8529
TXN-0584,2212.02,USD,COMPLETED,2024-01-08T16:03:50,CUST-1011
TXN-0585,4411.92,USD,COMPLETED,2024-01-07T09:41:23,CUST-5945
TXN-0586,3276.39,USD,COMPLETED,2024-01-05T12:44:56,CUST-5102
TXN-0587,268.42,USD,COMPLETED,2024-01-09T00:51:02,CUST-6005
TXN-0588,3521.45,USD,COMPLETED,2024-01-05T10:15:17,CUST-1017
TXN-0589,672.17,USD,COMPLETED,2024-01-04T18:48:18,CUST-4705
TXN-0590,3481.03,USD,COMPLETED,2024-01-01T09:23:36,CUST-2975
TXN-0591,2393.72,USD,COMPLETED,2024-01-07T09:59:42,CUST-4751
TXN-0592,524.98,USD,COMPLETED,2024-01-05T23:20:10,CUST-7022
TXN-0593,3869.57,USD,COMPLETED,2024-01-19T13:54:08,CUST-3181
TXN-0594,2820.82,USD,COMPLETED,2024-01-26T18:05:12,CUST-3688
TXN-0595,3144.12,USD,COMPLETED,2024-01-11T08:13:39,CUST-3480
TXN-0596,4301.21,USD,COMPLETED,2024-01-22T11:24:52,CUST-2420
TXN-0597,2951.97,USD,COMPLETED,2024-01-06T23:29:18,CUST-7291
TXN-0598,3957.47,USD,COMPLETED,2024-01-16T06:25:23,CUST-5059
TXN-0599,1248.35,USD,COMPLETED,2024-01-05T02:09:24,CUST-5668
TXN-0600,1035.17,USD,COMPLETED,2024-01-15T15:26:49,CUST-9348
TXN-0601,1484.75,USD,COMPLETED,2024-01-20T00:25:22,CUST-1894
TXN-0602,572.59,USD,COMPLETED,2024-01-19T17:35:21,CUST-9185
TXN-0603,4934.54,USD,COMPLETED,2024-01-01T14:03:32,CUST-6185
TXN-0604,2110.11,USD,COMPLETED,2024-01-28T14:12:40,CUST-9951
TXN-0605,4772.72,USD,COMPLETED,2024-01-23T20:46:18,CUST-2195
TXN-0606,78.83,USD,COMPLETED,2024-01-04T06:40:52,CUST-4534
TXN-0607,2537.99,USD,COMPLETED,2024-01-20T07:40:28,CUST-9209
TXN-0608,421.31,USD,COMPLETED,2024-01-20T12:41:13,CUST-9791
TXN-0609,1556.44,USD,COMPLETED,2024-01-05T01:23:51,CUST-9377
TXN-0610,1640.48,USD,COMPLETED,2024-01-27T00:56:23,CUST-2083
TXN-0611,3652.49,USD,COMPLETED,2024-01-22T05:42:29,CUST-4909
TXN-0612,4623.89,USD,COMPLETED,2024-01-05T04:26:42,CUST-2900
TXN-0613,284.59,USD,COMPLETED,2024-01-30T13:20:28,CUST-3877
TXN-0614,3510.48,USD,COMPLETED,2024-01-07T15:51:47,CUST-3684
TXN-0615,2590.94,USD,COMPLETED,2024-01-26T09:20:43,CUST-5247
TXN-0616,3751.38,USD,COMPLETED,2024-01-07T03:53:05,CUST-5403
TXN-0617,1681.71,USD,COMPLETED,2024-01-02T10:12:09,CUST-8034
TXN-0618,1322.12,USD,COMPLETED,2024-01-04T02:24:58,CUST-2262
TXN-0619,1807.02,USD,COMPLETED,2024-01-25T19:06:14,CUST-9185
TXN-0620,1283.03,USD,COMPLETED,2024-01-08T15:16:45,CUST-2685
TXN-0621,22.82,USD,COMPLETED,2024-01-25T16:49:26,CUST-1201
TXN-0622,1826.24,USD,COMPLETED,2024-01-23T21:38:44,CUST-3458
TXN-0623,4017.55,USD,COMPLETED,2024-01-27T20:08:02,CUST-7870
TXN-0624,2087.12,USD,COMPLETED,2024-01-13T01:14:51,CUST-6241
TXN-0625,1870.31,USD,COMPLETED,2024-01-28T17:53:15,CUST-9225
TXN-0626,4023.65,USD,COMPLETED,2024-01-11T20:01:45,CUST-1752
TXN-0627,4331.50,USD,COMPLETED,2024-01-23T13:52:26,CUST-6090
TXN-0628,2289.16,USD,COMPLETED,2024-01-27T20:23:53,CUST-7044
TXN-0629,3924.69,USD,COMPLETED,2024-01-28T08:52:56,CUST-4974
TXN-0630,4859.57,USD,COMPLETED,2024-01-29T17:22:11,CUST-4201
TXN-0631,4662.66,USD,COMPLETED,2024-01-01T07:25:50,CUST-1391
TXN-0632,3183.35,USD,COMPLETED,2024-01-17T19:36:46,CUST-1157
TXN-0633,4246.54,USD,COMPLETED,2024-01-19T06:23:31,CUST-6038
TXN-0634,4915.75,USD,COMPLETED,2024-01-26T17:16:43,CUST-7878
TXN-0635,3561.15,USD,COMPLETED,2024-01-07T21:52:37,CUST-2524
TXN-0636,2071.15,USD,COMPLETED,2024-01-26T05:33:48,CUST-7102
TXN-0637,2908.05,USD,COMPLETED,2024-01-05T02:55:06,CUST-9280
TXN-0638,383.40,USD,COMPLETED,2024-01-20T03:27:09,CUST-2020
TXN-0639,1191.49,USD,COMPLETED,2024-01-07T08:17:10,CUST-5276
TXN-0640,1597.11,USD,COMPLETED,2024-01-16T20:06:38,CUST-5455
TXN-0641,689.20,USD,COMPLETED,2024-01-10T20:10:38,CUST-2785
TXN-0642,2253.34,USD,COMPLETED,2024-01-08T23:30:38,CUST-6145
TXN-0643,1797.85,USD,COMPLETED,2024-01-27T00:23:50,CUST-4401
TXN-0644,1332.39,USD,COMPLETED,2024-01-23T11:50:16,CUST-2964
TXN-0645,4133.67,USD,COMPLETED,2024-01-15T18:26:10,CUST-1660
TXN-0646,465.15,USD,COMPLETED,2024-01-08T04:48:35,CUST-5066
TXN-0647,254.26,USD,COMPLETED,2024-01-25T22:13:25,CUST-5896
TXN-0648,4760.96,USD,COMPLETED,2024-01-02T12:12:47,CUST-8408
TXN-0649,518.52,USD,COMPLETED,2024-01-23T10:19:09,CUST-3290
TXN-0650,4153.56,USD,COMPLETED,2024-01-03T23:50:59,CUST-4641
TXN-0651,1867.48,USD,COMPLETED,2024-01-20T10:42:41,CUST-2376
TXN-0652,4985.84,USD,COMPLETED,2024-01-02T01:23:56,CUST-4239
TXN-0653,4526.34,USD,COMPLETED,2024-01-05T11:09:46,CUST-6432
TXN-0654,262.68,USD,COMPLETED,2024-01-23T09:05:52,CUST-8096
TXN-0655,1919.82,USD,COMPLETED,2024-01-02T10:20:57,CUST-7990
TXN-0656,4542.44,USD,COMPLETED,2024-01-11T10:09:44,CUST-5505
TXN-0657,182.90,USD,COMPLETED,2024-01-08T05:10:05,CUST-5026
TXN-0658,4415.07,USD,COMPLETED,2024-01-21T00:00:20,CUST-8848
TXN-0659,1921.25,USD,COMPLETED,2024-01-14T13:57:45,CUST-7868
TXN-0660,1253.25,USD,COMPLETED,2024-01-26T12:37:04,CUST-9907
TXN-0661,2403.63,USD,COMPLETED,2024-01-18T10:23:45,CUST-8940
TXN-0662,1614.81,USD,COMPLETED,2024-01-25T09:19:50,CUST-5430
TXN-0663,2989.61,USD,COMPLETED,2024-01-16T11:31:09,CUST-1480
TXN-0664,2651.87,USD,COMPLETED,2024-01-23T21:33:07,CUST-4813
TXN-0665,3287.75,USD,COMPLETED,2024-01-13T00:46:27,CUST-5366
TXN-0666,2882.70,USD,COMPLETED,2024-01-11T15:37:58,CUST-7363
TXN-0667,1190.39,USD,COMPLETED,2024-01-09T13:10:18,CUST-6210
TXN-0668,3520.23,USD,COMPLETED,2024-01-02T08:51:46,CUST-6761
TXN-0669,4185.12,USD,COMPLETED,2024-01-10T03:18:29,CUST-9064
TXN-0670,199.44,USD,COMPLETED,2024-01-24T19:23:59,CUST-1920
TXN-0671,109.44,USD,COMPLETED,2024-01-11T14:55:51,CUST-8831
TXN-0672,1015.31,USD,COMPLETED,2024-01-30T19:31:07,CUST-3137
TXN-0673,4594.72,USD,COMPLETED,2024-01-09T14:45:20,CUST-6301
TXN-0674,2937.18,USD,COMPLETED,2024-01-08T04:05:49,CUST-3320
TXN-0675,4803.19,USD,COMPLETED,2024-01-18T17:07:38,CUST-7120
TXN-0676,1689.44,USD,COMPLETED,2024-01-05T21:42:39,CUST-6285
TXN-0677,3961.29,USD,COMPLETED,2024-01-22T04:59:18,CUST-8982
TXN-0678,3470.87,USD,COMPLETED,2024-01-28T06:45:03,CUST-6846
TXN-0679,4074.13,USD,COMPLETED,2024-01-29T14:10:35,CUST-7199
TXN-0680,645.47,USD,COMPLETED,2024-01-15T07:08:14,CUST-1029
TXN-0681,171.59,USD,COMPLETED,2024-01-28T13:09:55,CUST-6213
TXN-0682,529.51,USD,COMPLETED,2024-01-28T10:54:49,CUST-9129
TXN-0683,1197.60,USD,COMPLETED,2024-01-04T18:39:04,CUST-6234
TXN-0684,4110.09,USD,COMPLETED,2024-01-05T07:22:23,CUST-6500
TXN-0685,1056.32,USD,COMPLETED,2024-01-13T20:59:41,CUST-2110
TXN-0686,3604.86,USD,COMPLETED,2024-01-06T05:52:09,CUST-1788
TXN-0687,4845.82,USD,COMPLETED,2024-01-21T08:55:53,CUST-7783
TXN-0688,2734.66,USD,COMPLETED,2024-01-18T01:12:50,CUST-2661
TXN-0689,821.66,USD,COMPLETED,2024-01-11T22:49:22,CUST-2207
TXN-0690,1600.40,USD,COMPLETED,2024-01-01T23:23:33,CUST-2715
TXN-0691,4440.78,USD,COMPLETED,2024-01-09T06:11:12,CUST-3636
TXN-0692,1696.37,USD,COMPLETED,2024-01-05T12:28:29,CUST-8909
TXN-0693,3040.51,USD,COMPLETED,2024-01-09T00:14:08,CUST-8113
TXN-0694,1662.16,USD,COMPLETED,2024-01-05T21:58:26,CUST-4112
TXN-0695,3612.97,USD,COMPLETED,2024-01-27T21:35:15,CUST-9849
TXN-0696,1494.03,USD,COMPLETED,2024-01-14T15:59:53,CUST-2571
TXN-0697,2752.82,USD,COMPLETED,2024-01-28T18:09:36,CUST-9043
TXN-0698,29.04,USD,COMPLETED,2024-01-18T12:23:46,CUST-2435
TXN-0699,3005.08,USD,COMPLETED,2024-01-31T08:17:01,CUST-4271
TXN-0700,862.45,USD,COMPLETED,2024-01-11T01:07:03,CUST-5781
TXN-0701,1548.68,USD,COMPLETED,2024-01-06T14:34:39,CUST-7512
TXN-0702,464.77,USD,COMPLETED,2024-01-13T20:45:09,CUST-9914
TXN-0703,4428.61,USD,COMPLETED,2024-01-19T00:16:12,CUST-7052
TXN-0704,1323.85,USD,COMPLETED,2024-01-03T03:58:56,CUST-8619
TXN-0705,2825.59,USD,COMPLETED,2024-01-14T00:53:50,CUST-3476
TXN-0706,4042.82,USD,COMPLETED,2024-01-17T16:32:45,CUST-7782
TXN-0707,4205.58,USD,COMPLETED,2024-01-03T23:03:04,CUST-9561
TXN-0708,2867.84,USD,COMPLETED,2024-01-24T01:12:37,CUST-4860
TXN-0709,1980.07,USD,COMPLETED,2024-01-04T19:59:21,CUST-1568
TXN-0710,872.67,USD,COMPLETED,2024-01-22T19:10:09,CUST-3738
TXN-0711,222.95,USD,COMPLETED,2024-01-07T03:01:02,CUST-2283
TXN-0712,747.91,USD,COMPLETED,2024-01-31T10:46:17,CUST-5225
TXN-0713,444.27,USD,COMPLETED,2024-01-04T06:04:28,CUST-7510
TXN-0714,2296.20,USD,COMPLETED,2024-01-26T05:28:50,CUST-1202
TXN-0715,756.72,USD,COMPLETED,2024-01-21T02:51:37,CUST-2641
TXN-0716,3930.87,USD,COMPLETED,2024-01-05T21:39:44,CUST-9775
TXN-0717,1921.39,USD,COMPLETED,2024-01-13T19:44:29,CUST-8955
TXN-0718,1384.32,USD,COMPLETED,2024-01-09T08:37:38,CUST-3356
TXN-0719,4448.98,USD,COMPLETED,2024-01-20T05:07:55,CUST-6431
TXN-0720,4604.97,USD,COMPLETED,2024-01-24T01:40:09,CUST-7102
TXN-0721,1561.64,USD,COMPLETED,2024-01-15T17:05:04,CUST-9054
TXN-0722,1509.40,USD,COMPLETED,2024-01-07T12:34:13,CUST-8259
TXN-0723,3028.85,USD,COMPLETED,2024-01-21T05:34:31,CUST-2462
TXN-0724,4568.03,USD,COMPLETED,2024-01-11T06:17:16,CUST-7671
TXN-0725,4337.27,USD,COMPLETED,2024-01-26T01:46:03,CUST-1920
TXN-0726,3550.75,USD,COMPLETED,2024-01-16T02:29:04,CUST-7609
TXN-0727,4397.87,USD,COMPLETED,2024-01-26T10:50:15,CUST-1474
TXN-0728,4186.51,USD,COMPLETED,2024-01-10T17:51:49,CUST-5087
TXN-0729,4590.98,USD,COMPLETED,2024-01-03T10:54:20,CUST-4262
TXN-0730,2530.58,USD,COMPLETED,2024-01-23T12:51:13,CUST-3029
TXN-0731,2449.05,USD,COMPLETED,2024-01-19T01:57:18,CUST-8308
TXN-0732,2761.16,USD,COMPLETED,2024-01-29T11:45:54,CUST-6640
TXN-0733,1432.50,USD,COMPLETED,2024-01-05T09:18:51,CUST-7333
TXN-0734,3901.35,USD,COMPLETED,2024-01-28T18:43:44,CUST-4511
TXN-0735,3391.70,USD,COMPLETED,2024-01-11T22:16:28,CUST-5408
TXN-0736,4324.50,USD,COMPLETED,2024-01-01T23:21:45,CUST-1145
TXN-0737,3009.70,USD,COMPLETED,2024-01-09T09:47:36,CUST-1138
TXN-0738,4027.38,USD,COMPLETED,2024-01-30T12:46:19,CUST-6004
TXN-0739,4259.42,USD,COMPLETED,2024-01-19T06:37:32,CUST-8520
TXN-0740,1517.70,USD,COMPLETED,2024-01-23T15:44:33,CUST-9530
TXN-0741,46.66,USD,COMPLETED,2024-01-05T23:12:08,CUST-7131
TXN-0742,2413.87,USD,COMPLETED,2024-01-06T05:57:03,CUST-6509
TXN-0743,4308.84,USD,COMPLETED,2024-01-16T18:48:43,CUST-5278
TXN-0744,2591.29,USD,COMPLETED,2024-01-08T06:40:49,CUST-4937
TXN-0745,3306.05,USD,COMPLETED,2024-01-20T14:48:31,CUST-3292
TXN-0746,4987.37,USD,COMPLETED,2024-01-25T03:28:52,CUST-5250
TXN-0747,3686.29,USD,COMPLETED,2024-01-19T20:22:23,CUST-4111
TXN-0748,3434.73,USD,COMPLETED,2024-01-11T19:04:18,CUST-8794
TXN-0749,4228.64,USD,COMPLETED,2024-01-15T13:45:08,CUST-3967
TXN-0750,648.44,USD,COMPLETED,2024-01-23T20:29:58,CUST-5237
TXN-0751,3275.63,USD,COMPLETED,2024-01-17T07:02:24,CUST-4641
TXN-0752,2108.16,USD,COMPLETED,2024-01-15T21:46:48,CUST-6428
TXN-0753,1477.32,USD,COMPLETED,2024-01-29T10:14:21,CUST-2929
TXN-0754,2922.04,USD,COMPLETED,2024-01-31T19:07:32,CUST-2166
TXN-0755,607.88,USD,COMPLETED,2024-01-25T07:05:54,CUST-7253
TXN-0756,4355.54,USD,COMPLETED,2024-01-03T14:59:12,CUST-3470
TXN-0757,2051.87,USD,COMPLETED,2024-01-17T15:14:21,CUST-8496
TXN-0758,3896.92,USD,COMPLETED,2024-01-09T18:07:51,CUST-8988
TXN-0759,1573.94,USD,COMPLETED,2024-01-09T14:00:54,CUST-1950
TXN-0760,1054.82,USD,COMPLETED,2024-01-14T06:40:59,CUST-3762
TXN-0761,655.74,USD,COMPLETED,2024-01-05T06:34:32,CUST-8105
TXN-0762,4826.99,USD,COMPLETED,2024-01-21T19:51:03,CUST-7280
TXN-0763,1005.08,USD,COMPLETED,2024-01-26T21:54:06,CUST-7112
TXN-0764,960.98,USD,COMPLETED,2024-01-26T18:41:57,CUST-1067
TXN-0765,1567.34,USD,COMPLETED,2024-01-17T17:11:47,CUST-2682
TXN-0766,1537.51,USD,COMPLETED,2024-01-29T13:51:03,CUST-2069
TXN-0767,2285.07,USD,COMPLETED,2024-01-15T02:50:20,CUST-9524
TXN-0768,1720.24,USD,COMPLETED,2024-01-07T11:52:33,CUST-9031
TXN-0769,832.77,USD,COMPLETED,2024-01-10T03:31:56,CUST-7609
TXN-0770,3638.57,USD,COMPLETED,2024-01-11T21:21:11,CUST-3149
TXN-0771,2952.57,USD,COMPLETED,2024-01-02T01:31:50,CUST-3768
TXN-0772,1882.21,USD,COMPLETED,2024-01-02T19:31:53,CUST-5190
TXN-0773,3313.23,USD,COMPLETED,2024-01-03T07:52:40,CUST-1323
TXN-0774,2089.71,USD,COMPLETED,2024-01-06T14:54:17,CUST-7230
TXN-0775,2377.24,USD,COMPLETED,2024-01-13T06:27:41,CUST-3508
TXN-0776,56.43,USD,COMPLETED,2024-01-31T14:21:57,CUST-7895
TXN-0777,1357.19,USD,COMPLETED,2024-01-26T06:12:15,CUST-3247
TXN-0778,3596.64,USD,COMPLETED,2024-01-25T20:02:22,CUST-2928
TXN-0779,2493.72,USD,COMPLETED,2024-01-06T03:48:22,CUST-4272
TXN-0780,1796.03,USD,COMPLETED,2024-01-10T18:57:58,CUST-7713
TXN-0781,2745.21,USD,COMPLETED,2024-01-02T21:54:39,CUST-4402
TXN-0782,23.66,USD,COMPLETED,2024-01-12T09:13:06,CUST-2458
TXN-0783,754.23,USD,COMPLETED,2024-01-24T23:40:22,CUST-2475
TXN-0784,4524.85,USD,COMPLETED,2024-01-05T22:00:43,CUST-4787
TXN-0785,2326.74,USD,COMPLETED,2024-01-13T19:43:40,CUST-2635
TXN-0786,1807.47,USD,COMPLETED,2024-01-15T02:32:07,CUST-6123
TXN-0787,484.04,USD,COMPLETED,2024-01-06T15:02:04,CUST-1751
TXN-0788,1650.02,USD,COMPLETED,2024-01-09T06:39:40,CUST-8171
TXN-0789,1869.38,USD,COMPLETED,2024-01-05T12:17:46,CUST-6615
TXN-0790,2007.25,USD,COMPLETED,2024-01-20T10:56:22,CUST-8479
TXN-0791,4001.50,USD,COMPLETED,2024-01-24T05:11:44,CUST-3732
TXN-0792,4908.03,USD,COMPLETED,2024-01-03T20:19:40,CUST-3611
TXN-0793,2418.55,USD,COMPLETED,2024-01-29T16:16:26,CUST-8178
TXN-0794,3898.03,USD,COMPLETED,2024-01-19T10:26:30,CUST-1472
TXN-0795,573.56,USD,COMPLETED,2024-01-24T16:42:15,CUST-7738
TXN-0796,1315.45,USD,COMPLETED,2024-01-04T01:47:30,CUST-6148
TXN-0797,3839.97,USD,COMPLETED,2024-01-26T11:27:25,CUST-4669
TXN-0798,3444.33,USD,COMPLETED,2024-01-26T09:27:33,CUST-2560
TXN-0799,2414.83,USD,COMPLETED,2024-01-13T01:36:47,CUST-7305
TXN-0800,282.28,USD,COMPLETED,2024-01-30T18:05:47,CUST-3571
TXN-0801,383.58,USD,COMPLETED,2024-01-09T00:42:34,CUST-9055
TXN-0802,4851.02,USD,COMPLETED,2024-01-17T01:31:13,CUST-1824
TXN-0803,2022.35,USD,COMPLETED,2024-01-19T09:08:41,CUST-4850
TXN-0804,4008.29,USD,COMPLETED,2024-01-22T13:31:03,CUST-8341
TXN-0805,1587.15,USD,COMPLETED,2024-01-22T16:52:19,CUST-9148
TXN-0806,2067.57,USD,COMPLETED,2024-01-20T14:02:28,CUST-9996
TXN-0807,4816.22,USD,COMPLETED,2024-01-30T07:56:52,CUST-5990
TXN-0808,4752.27,USD,COMPLETED,2024-01-23T03:31:14,CUST-6953
TXN-0809,1666.54,USD,COMPLETED,2024-01-23T01:29:03,CUST-8751
TXN-0810,578.98,USD,COMPLETED,2024-01-22T23:14:18,CUST-4633
TXN-0811,4151.12,USD,COMPLETED,2024-01-18T05:46:00,CUST-5783
TXN-0812,238.43,USD,COMPLETED,2024-01-06T03:52:27,CUST-3689
TXN-0813,543.74,USD,COMPLETED,2024-01-20T20:45:54,CUST-4209
TXN-0814,1085.79,USD,COMPLETED,2024-01-20T01:45:27,CUST-4122
TXN-0815,242.04,USD,COMPLETED,2024-01-21T02:53:34,CUST-3018
TXN-0816,4781.39,USD,COMPLETED,2024-01-29T14:36:11,CUST-3205
TXN-0817,3683.71,USD,COMPLETED,2024-01-26T17:55:09,CUST-8091
TXN-0818,3462.17,USD,COMPLETED,2024-01-09T14:27:20,CUST-3845
TXN-0819,3291.03,USD,COMPLETED,2024-01-19T19:21:36,CUST-6273
TXN-0820,4580.39,USD,COMPLETED,2024-01-30T13:31:44,CUST-5067
TXN-0821,4852.75,USD,COMPLETED,2024-01-17T15:27:34,CUST-8419
TXN-0822,3016.60,USD,COMPLETED,2024-01-21T00:52:59,CUST-9393
TXN-0823,4304.93,USD,COMPLETED,2024-01-27T14:14:24,CUST-4560
TXN-0824,3574.78,USD,COMPLETED,2024-01-31T07:12:28,CUST-6657
TXN-0825,2524.43,USD,COMPLETED,2024-01-09T15:10:00,CUST-6281
TXN-0826,2815.78,USD,COMPLETED,2024-01-18T02:23:12,CUST-7839
TXN-0827,2618.42,USD,COMPLETED,2024-01-01T14:52:43,CUST-1414
TXN-0828,3354.57,USD,COMPLETED,2024-01-03T13:49:30,CUST-4275
TXN-0829,4917.83,USD,COMPLETED,2024-01-08T19:30:11,CUST-5105
TXN-0830,1027.96,USD,COMPLETED,2024-01-15T07:51:49,CUST-9866
TXN-0831,521.38,USD,COMPLETED,2024-01-22T23:18:38,CUST-4675
TXN-0832,3923.69,USD,COMPLETED,2024-01-25T19:16:03,CUST-5712
TXN-0833,2088.67,USD,COMPLETED,2024-01-19T19:32:02,CUST-6122
TXN-0834,1023.41,USD,COMPLETED,2024-01-13T04:50:01,CUST-8259
TXN-0835,3777.99,USD,COMPLETED,2024-01-18T20:26:58,CUST-9955
TXN-0836,1477.95,USD,COMPLETED,2024-01-10T09:26:28,CUST-3906
TXN-0837,3678.05,USD,COMPLETED,2024-01-09T10:29:09,CUST-2955
TXN-0838,1402.77,USD,COMPLETED,2024-01-21T19:14:52,CUST-5329
TXN-0839,4231.61,USD,COMPLETED,2024-01-29T08:23:35,CUST-1092
TXN-0840,209.30,USD,COMPLETED,2024-01-08T12:21:42,CUST-6285
TXN-0841,3081.89,USD,COMPLETED,2024-01-31T08:36:17,CUST-5934
TXN-0842,1796.85,USD,COMPLETED,2024-01-27T16:58:59,CUST-6207
TXN-0843,350.20,USD,COMPLETED,2024-01-26T06:33:01,CUST-9276
TXN-0844,2689.81,USD,COMPLETED,2024-01-27T08:44:03,CUST-2506
TXN-0845,3320.04,USD,COMPLETED,2024-01-11T08:34:30,CUST-6424
TXN-0846,4752.04,USD,COMPLETED,2024-01-11T14:30:25,CUST-9691
TXN-0847,582.46,USD,COMPLETED,2024-01-01T10:15:25,CUST-6668
TXN-0848,4593.85,USD,COMPLETED,2024-01-30T19:00:48,CUST-4994
TXN-0849,1913.05,USD,COMPLETED,2024-01-16T13:55:07,CUST-2857
TXN-0850,3622.64,USD,COMPLETED,2024-01-27T05:25:19,CUST-1404
TXN-0851,2233.33,USD,COMPLETED,2024-01-25T16:43:11,CUST-1718
TXN-0852,1608.36,USD,COMPLETED,2024-01-10T08:17:35,CUST-2349
TXN-0853,2670.70,USD,COMPLETED,2024-01-27T02:47:09,CUST-2072
TXN-0854,3870.18,USD,COMPLETED,2024-01-31T13:26:15,CUST-7950
TXN-0855,4145.46,USD,COMPLETED,2024-01-27T02:31:44,CUST-8130
TXN-0856,128.53,USD,COMPLETED,2024-01-08T11:08:13,CUST-6434
TXN-0857,280.80,USD,COMPLETED,2024-01-04T13:20:24,CUST-5127
TXN-0858,4555.82,USD,COMPLETED,2024-01-12T01:13:34,CUST-7678
TXN-0859,2028.20,USD,COMPLETED,2024-01-31T14:15:22,CUST-6183
TXN-0860,2678.82,USD,COMPLETED,2024-01-06T17:50:10,CUST-2036
TXN-0861,1794.92,USD,COMPLETED,2024-01-04T12:34:22,CUST-9238
TXN-0862,3036.76,USD,COMPLETED,2024-01-15T15:05:56,CUST-5612
TXN-0863,4112.39,USD,COMPLETED,2024-01-20T04:20:25,CUST-1504
TXN-0864,1107.13,USD,COMPLETED,2024-01-26T21:32:05,CUST-7406
TXN-0865,1497.30,USD,COMPLETED,2024-01-07T23:51:36,CUST-7113
TXN-0866,715.46,USD,COMPLETED,2024-01-27T22:42:11,CUST-1684
TXN-0867,1976.47,USD,COMPLETED,2024-01-29T23:09:11,CUST-9970
TXN-0868,3744.00,USD,COMPLETED,2024-01-11T04:43:45,CUST-6633
TXN-0869,720.85,USD,COMPLETED,2024-01-25T21:10:01,CUST-4014
TXN-0870,979.69,USD,COMPLETED,2024-01-13T06:27:55,CUST-3971
TXN-0871,2311.71,USD,COMPLETED,2024-01-27T15:27:28,CUST-2198
TXN-0872,1260.93,USD,COMPLETED,2024-01-04T06:28:59,CUST-4234
TXN-0873,649.79,USD,COMPLETED,2024-01-18T08:05:46,CUST-4842
TXN-0874,358.35,USD,COMPLETED,2024-01-31T01:47:17,CUST-4170
TXN-0875,1648.45,USD,COMPLETED,2024-01-22T21:02:26,CUST-6008
TXN-0876,1828.82,USD,COMPLETED,2024-01-28T12:26:31,CUST-6182
TXN-0877,1572.94,USD,COMPLETED,2024-01-01T05:37:46,CUST-4629
TXN-0878,680.19,USD,COMPLETED,2024-01-18T10:49:53,CUST-6432
TXN-0879,1800.12,USD,COMPLETED,2024-01-22T14:52:46,CUST-6004
TXN-0880,887.09,USD,COMPLETED,2024-01-06T06:47:57,CUST-2343
TXN-0881,990.20,USD,COMPLETED,2024-01-27T03:32:07,CUST-2252
TXN-0882,3161.82,USD,COMPLETED,2024-01-25T14:54:20,CUST-7637
TXN-0883,1310.48,USD,COMPLETED,2024-01-27T18:39:12,CUST-9842
TXN-0884,1835.43,USD,COMPLETED,2024-01-08T05:10:11,CUST-4658
TXN-0885,2510.60,USD,COMPLETED,2024-01-23T13:24:57,CUST-2483
TXN-0886,62.85,USD,COMPLETED,2024-01-25T09:04:02,CUST-4913
TXN-0887,710.45,USD,COMPLETED,2024-01-25T23:00:45,CUST-3608
TXN-0888,3300.47,USD,COMPLETED,2024-01-28T11:13:09,CUST-3395
TXN-0889,1101.91,USD,COMPLETED,2024-01-02T23:05:33,CUST-8989
TXN-0890,1853.48,USD,COMPLETED,2024-01-13T19:59:54,CUST-1701
TXN-0891,1946.58,USD,COMPLETED,2024-01-18T12:53:18,CUST-8448
TXN-0892,525.09,USD,COMPLETED,2024-01-16T17:34:12,CUST-9542
TXN-0893,2897.37,USD,COMPLETED,2024-01-13T18:47:07,CUST-3848
TXN-0894,1832.83,USD,COMPLETED,2024-01-19T09:00:21,CUST-2275
TXN-0895,2586.70,USD,COMPLETED,2024-01-11T19:41:47,CUST-6781
TXN-0896,4436.99,USD,COMPLETED,2024-01-24T09:41:56,CUST-1108
TXN-0897,1157.65,USD,COMPLETED,2024-01-09T00:56:41,CUST-9430
TXN-0898,942.66,USD,COMPLETED,2024-01-08T07:02:33,CUST-6934
TXN-0899,2078.92,USD,COMPLETED,2024-01-12T04:22:22,CUST-6410
TXN-0900,2400.32,USD,COMPLETED,2024-01-24T05:51:34,CUST-3641
TXN-0901,225.29,USD,COMPLETED,2024-01-12T19:53:47,CUST-3639
TXN-0902,205.56,USD,COMPLETED,2024-01-25T21:16:19,CUST-3406
TXN-0903,4613.01,USD,COMPLETED,2024-01-13T12:53:39,CUST-9464
TXN-0904,3191.74,USD,COMPLETED,2024-01-28T08:38:49,CUST-5644
TXN-0905,3036.56,USD,COMPLETED,2024-01-22T19:21:35,CUST-8723
TXN-0906,4153.51,USD,COMPLETED,2024-01-11T15:34:38,CUST-3338
TXN-0907,1329.96,USD,COMPLETED,2024-01-25T19:07:51,CUST-6614
TXN-0908,353.53,USD,COMPLETED,2024-01-29T16:05:39,CUST-7196
TXN-0909,92.65,USD,COMPLETED,2024-01-06T06:29:36,CUST-9564
TXN-0910,490.53,USD,COMPLETED,2024-01-30T09:28:17,CUST-8796
TXN-0911,3764.39,USD,COMPLETED,2024-01-25T10:25:15,CUST-2526
TXN-0912,4510.90,USD,COMPLETED,2024-01-07T07:50:38,CUST-9835
TXN-0913,2615.00,USD,COMPLETED,2024-01-21T22:43:48,CUST-7068
TXN-0914,2150.49,USD,COMPLETED,2024-01-26T17:16:51,CUST-8899
TXN-0915,4025.06,USD,COMPLETED,2024-01-29T14:17:26,CUST-2600
TXN-0916,2390.93,USD,COMPLETED,2024-01-13T08:32:05,CUST-4809
TXN-0917,4385.06,USD,COMPLETED,2024-01-30T01:03:39,CUST-7695
TXN-0918,3548.65,USD,COMPLETED,2024-01-01T06:22:20,CUST-1116
TXN-0919,1881.40,USD,COMPLETED,2024-01-01T08:22:54,CUST-4365
TXN-0920,541.85,USD,COMPLETED,2024-01-18T14:04:29,CUST-7980
TXN-0921,2123.57,USD,COMPLETED,2024-01-27T00:36:26,CUST-6990
TXN-0922,3777.31,USD,COMPLETED,2024-01-20T07:04:03,CUST-7770
TXN-0923,2799.88,USD,COMPLETED,2024-01-18T23:19:45,CUST-8925
TXN-0924,1728.34,USD,COMPLETED,2024-01-29T01:00:44,CUST-7522
TXN-0925,3741.59,USD,COMPLETED,2024-01-06T18:44:41,CUST-8317
TXN-0926,2546.63,USD,COMPLETED,2024-01-11T09:51:42,CUST-6544
TXN-0927,4823.21,USD,COMPLETED,2024-01-19T21:20:19,CUST-1086
TXN-0928,4630.05,USD,COMPLETED,2024-01-23T21:32:01,CUST-8133
TXN-0929,1116.63,USD,COMPLETED,2024-01-13T18:31:27,CUST-2311
TXN-0930,4654.12,USD,COMPLETED,2024-01-19T15:46:20,CUST-7564
TXN-0931,296.74,USD,COMPLETED,2024-01-30T00:06:21,CUST-3871
TXN-0932,1016.52,USD,COMPLETED,2024-01-01T12:28:42,CUST-9489
TXN-0933,3921.96,USD,COMPLETED,2024-01-02T15:09:27,CUST-9364
TXN-0934,3373.38,USD,COMPLETED,2024-01-09T05:27:42,CUST-6893
TXN-0935,4878.47,USD,COMPLETED,2024-01-01T00:20:04,CUST-2422
TXN-0936,1772.11,USD,COMPLETED,2024-01-20T09:22:26,CUST-7474
TXN-0937,2593.54,USD,COMPLETED,2024-01-10T17:22:42,CUST-2124
TXN-0938,3633.43,USD,COMPLETED,2024-01-14T19:27:33,CUST-6703
TXN-0939,3035.75,USD,COMPLETED,2024-01-11T23:39:12,CUST-4187
TXN-0940,33.21,USD,COMPLETED,2024-01-28T21:48:53,CUST-3867
TXN-0941,2797.57,USD,COMPLETED,2024-01-06T04:02:26,CUST-9243
TXN-0942,4016.68,USD,COMPLETED,2024-01-06T16:19:31,CUST-5222
TXN-0943,4830.62,USD,COMPLETED,2024-01-22T11:51:46,CUST-8923
TXN-0944,4806.58,USD,COMPLETED,2024-01-17T11:44:00,CUST-8517
TXN-0945,2415.03,USD,COMPLETED,2024-01-02T07:51:57,CUST-5224
TXN-0946,3945.39,USD,COMPLETED,2024-01-31T18:16:10,CUST-4610
TXN-0947,4777.67,USD,COMPLETED,2024-01-21T00:30:39,CUST-9462
TXN-0948,1248.81,USD,COMPLETED,2024-01-13T18:49:28,CUST-2523
TXN-0949,389.38,USD,COMPLETED,2024-01-17T14:27:02,CUST-3924
TXN-0950,1100.65,USD,COMPLETED,2024-01-18T03:54:05,CUST-5408
TXN-0951,2500.01,USD,COMPLETED,2024-01-10T05:33:40,CUST-4271
TXN-0952,4364.99,USD,COMPLETED,2024-01-12T18:00:58,CUST-4387
TXN-0953,4183.31,USD,COMPLETED,2024-01-13T02:54:58,CUST-6833
TXN-0954,608.19,USD,COMPLETED,2024-01-06T04:18:07,CUST-2285
TXN-0955,3823.58,USD,COMPLETED,2024-01-01T07:43:01,CUST-9871
TXN-0956,3107.13,USD,COMPLETED,2024-01-19T00:28:31,CUST-9066
TXN-0957,4922.13,USD,COMPLETED,2024-01-09T21:03:40,CUST-9374
TXN-0958,3753.35,USD,COMPLETED,2024-01-11T18:45:24,CUST-3101
TXN-0959,2396.82,USD,COMPLETED,2024-01-21T13:02:08,CUST-9859
TXN-0960,1974.65,USD,COMPLETED,2024-01-17T20:37:15,CUST-3863
TXN-0961,2305.75,USD,COMPLETED,2024-01-26T03:45:09,CUST-1137
TXN-0962,1903.35,USD,COMPLETED,2024-01-11T05:32:39,CUST-2650
TXN-0963,4310.59,USD,COMPLETED,2024-01-30T17:56:17,CUST-4066
TXN-0964,2362.01,USD,COMPLETED,2024-01-14T01:53:00,CUST-6621
TXN-0965,2125.47,USD,COMPLETED,2024-01-25T05:06:33,CUST-7866
TXN-0966,1405.35,USD,COMPLETED,2024-01-20T10:43:27,CUST-3947
TXN-0967,4072.81,USD,COMPLETED,2024-01-12T02:17:58,CUST-5422
TXN-0968,4282.98,USD,COMPLETED,2024-01-21T23:34:16,CUST-4212
TXN-0969,2370.21,USD,COMPLETED,2024-01-08T06:14:10,CUST-1159
TXN-0970,681.01,USD,COMPLETED,2024-01-25T06:04:25,CUST-9470
TXN-0971,1262.36,USD,COMPLETED,2024-01-15T13:33:54,CUST-1781
TXN-0972,309.58,USD,COMPLETED,2024-01-08T22:18:25,CUST-5166
TXN-0973,2254.78,USD,COMPLETED,2024-01-05T16:11:59,CUST-6483
TXN-0974,2806.15,USD,COMPLETED,2024-01-18T11:47:15,CUST-5222
TXN-0975,614.98,USD,COMPLETED,2024-01-20T23:44:10,CUST-4259
TXN-0976,1781.99,USD,COMPLETED,2024-01-14T19:35:35,CUST-9363
TXN-0977,4449.27,USD,COMPLETED,2024-01-22T16:42:40,CUST-7243
TXN-0978,4783.41,USD,COMPLETED,2024-01-31T15:59:52,CUST-3745
TXN-0979,3065.43,USD,COMPLETED,2024-01-31T15:29:12,CUST-7631
TXN-0980,1724.69,USD,COMPLETED,2024-01-08T20:44:35,CUST-6136
TXN-0981,3555.06,USD,COMPLETED,2024-01-15T03:27:17,CUST-7479
TXN-0982,3742.00,USD,COMPLETED,2024-01-18T15:07:03,CUST-9535
TXN-0983,927.59,USD,COMPLETED,2024-01-09T02:56:23,CUST-1378
TXN-0984,3313.49,USD,COMPLETED,2024-01-12T09:21:37,CUST-2311
TXN-0985,524.02,USD,COMPLETED,2024-01-20T06:35:29,CUST-2045
TXN-0986,141.56,USD,COMPLETED,2024-01-03T14:42:40,CUST-7504
TXN-0987,3094.33,USD,COMPLETED,2024-01-13T17:46:44,CUST-2381
TXN-0988,1244.51,USD,COMPLETED,2024-01-12T03:13:08,CUST-5655
TXN-0989,665.07,USD,COMPLETED,2024-01-07T03:16:49,CUST-3795
TXN-0990,4303.24,USD,COMPLETED,2024-01-18T07:45:00,CUST-6328
TXN-0991,4674.94,USD,COMPLETED,2024-01-27T05:49:34,CUST-9987
TXN-0992,893.41,USD,COMPLETED,2024-01-27T04:18:56,CUST-8480
TXN-0993,1555.21,USD,COMPLETED,2024-01-26T21:54:12,CUST-6688
TXN-0994,4025.49,USD,COMPLETED,2024-01-12T00:37:25,CUST-8239
TXN-0995,1306.44,USD,COMPLETED,2024-01-21T00:15:08,CUST-5973
TXN-0996,4078.75,USD,COMPLETED,2024-01-26T09:42:27,CUST-3233
TXN-0997,2680.14,USD,COMPLETED,2024-01-23T18:39:18,CUST-9059
TXN-0998,3831.69,USD,COMPLETED,2024-01-01T10:38:24,CUST-5799
TXN-0999,1874.48,USD,COMPLETED,2024-01-27T14:42:48,CUST-7745
TXN-1000,824.71,USD,COMPLETED,2024-01-13T03:09:00,CUST-7385
